留言內容,答案
 蝗蟲,1
 支那人最愛到外國討民主,1
 ㄏㄏ,1
 支那跟英國討論民主???,1
 以為在演倫敦蒙難記逆？？？？？,1
        新八國聯軍要上演了嗎？ 哈哈哈,0
 以前英國人在中國土地殺人會被中國警,0
 察釋放，現在英國小孬孬,1
 智障中國人,1
 支那妓者 支那水準,1
 鬧完瑞典換英國囉,0
 支那人說人沒民主 他們知道民主怎寫嗎,1
 支那賤畜就是垃圾低賤種族,1
 嗆中國人英國沒有民主??!!   笑死XDDDD,0
 屌打英國人，厲害了我的國,1
 垃圾支那人,1
 支那賤畜就該待在牆內別出來禍害人世,1
 言論自由不是這麼用的，啊！我忘了中國沒有,1
 低能 本來做完筆錄就放人了又不是大罪,1
 台女不意外,1
 等等，我懂了，她是不是根本就搞錯國,0
 中國肉便器嗆英國沒有民主??!!   笑死,1
 綠畜台巴子崩潰真好笑,1
 體跟政體==,0
 濫用他國的自由罵他國,0
 ...中國或成最大贏家？,1
 好想看Kina高潮言論 XDD,1
 跟籠子裡的鳥談飛,0
 最好玩的是英國已經把人釋放了~,0
 然後中國說~英國已經屈服了,0
 用這記者的方式 在中國問問題和表達意見,0
 好了啦,0
 紅衛兵出國比賽,0
 可悲可笑支那人 只敢在國外撒野,1
 會發生什麼事呢,0
 看來英國人還不懂得如何和中國打交道過手,0
 民主國家做完筆錄釋放不是很正常嗎 支那都,0
 人限制出境了嗎?,0
 直接關進大牢,0
 文化大革命的味道越來越濃厚了,0
 人家是民主國家，我看在中國已經不知道開幾,0
 范冰冰表示:,0
 門了,0
 77777777 你們沒有民主,0
 支那狗畜講民主?,1
 87賤畜==,1
 seuil 但是他的對手是中國啊,0
 英國有民主，但中國人則無。,0
 從沒擁有過的東西要他們怎麼懂呢？,0
 厲害了,0
 而且其實可以拘留吧,0
 支那懂民主?,1
 被共產黨洗腦洗到腦子都壞了,1
 英國果然被打懵了 XDDD,1
 勿忘64天安門戰車絞肉機,1
 中國現在要塑造的就是全球他都能伸手施壓,0
 又沒羈押當然釋放，難道直接抓起來關,0
 那你英國還在那邊配合中國的腳本?,0
 嗎,0
 是英國不了解那個是黨中國，不是以前的那,0
 個清國，而且那個黨中國跟老蔣那個中國是,0
 中國人認知大概被官方壓走 就是跟范冰冰一,0
 一樣的性子，也是英國最恨的,0
 樣吧,0
 講言論自由 那你管人家會議講什麼,0
 看到支畜持續在各國刷仇恨值 我就放心了,1
 因為現在是媒體訊息戰啊~中國說英國屈服,0
 中共談民主 鳳姐立貞潔牌坊,1
 海珊最和平 支那談民主,1
 法規怎麼寫就怎麼做 又沒什麼要拘留的必,0
 要,0
 英國不該表示嗎? 限制出境了沒有啊?,0
 到時候八國聯軍教中國做人就好玩惹ㄏㄏ,0
 標準中國人,0
 支那微博上面還一片叫好，根本世界奇觀,1
 英國只要回該名涉案記者限制出境,0
 就可以打臉中國了,1
 直接驅逐出境永久不得入境就好了,0
 現在只要這中國女記者回中國~那就勝利了,0
 英國是老牌人權言論自由國家 這種罪行也不,0
 me410那也要經由審判才可以啊,0
 智障,1
 西方現在應該對中國民主自由的幻想破滅,0
 算太重 很難抓去關啦 頂多驅除出境,0
 了，民主的定義已經被中共改得亂七八糟,0
 灌輸給中國人了。,0
 沒有審判~然後那記者回中國~,0
 那就真的是中國勝利了,0
 戰狼 XDDDDDD,1
 中國的老招式了 常常用別人的民主自由來,0
 惡意攻擊別人,0
 為何不告她打人？,0
 英國怕了 中國贏了,0
 支那賤畜真的很愛到民主自由的國家討,1
 自由,0
 中國必成最大贏家,0
 廠廠,1
 中國的民主 就是在別的國家民主,0
 這就是中國式的民主,0
 支那賤畜,1
 怎麼不敢在祖國土地喊自由，都在國外,0
 喊呢？,0
 有中國特色的民主 快笑死,1
 港人當年選擇回歸時屌的很 把台巴子踩在腳,0
 到國外引戰,0
 中國批評英國沒民主...哈哈,0
" 下,現在只能說活該",0
 香港人的確活該 當初也拿港英統治自傲,0
 中國:中國沒標榜有言論自由 才能亂搞,0
 英國也很孬啊呵呵,1
 國際笑話,0
 看台灣人很沒有,0
 戰狼Xdxdxd,1
 幹真他媽的好笑,0
 英國果然孬種,1
 真希望全世界好好打壓中國,0
 英國沒有民主，我是中國記者，馬上釋放,0
 可悲的人民,1
 打你都沒事,0
 支那水準,1
 推7樓，女皇都要哭了,0
 厲害了，腦殘國,1
 在英爹面前打打香港人真是痛快!,1
 支那人的文明程度真的落後全世界~_~,1
 果然426不懂民主，以為民主是做什麼都,1
 幹，太猛了。無恥沒下限啊,1
 可以,0
 英國中國開戰囉,0
 港人到現在對台人還是不友善 以前是瞧不起,0
 支那瘋子太多,1
 支那寶XDDDDD,1
 標準的阿Q精神勝利法 XDDD,0
 現在是忌妒:我沒人權你憑什麼有,0
 支那狗的笑話天天上演,1
 人權自助餐,1
 民主XD,1
 一個沒有言論自由的國家到處利用別國,0
 支那想幹嘛就幹嘛的低能兒,1
 的言論自由，真的很好笑,0
 釋放不是正常的嗎？不然要像冰冰那樣消失,0
 支那人每天都在鬧笑話XD,1
 人不要臉天下無敵女人種族加乘中國國籍加,1
 籠子裡的鳥 覺得自由是一種病 可憐,1
 打人被抓就法治阿，拿民主說嘴？,1
 中國只有得票率與執行率接近100%的政,0
 策,0
 支那畜牲,1
 柯粉：我們都是中國人,1
 有沒有人幫忙翻譯央視給英國人看看?,0
 這是好事~,0
 世界奇觀 kina真的要丟臉丟到全世界,0
 會被判刑嗎,0
 鬼國啥鬼事都有意外嗎,1
 在支那應該已經開三門了吧,1
 去電梯門口拉屎,0
 中國信黨   唯一民主(真主),0
 自慰成英國屈服哈哈哈,1
 歐豬都中標,1
 原來民主就是到你國家拉屎，你也不能說什麼,0
 孔琳琳 孔家後人耶 象徵中國的禮教呢,0
 出了中國 民主人權都回來了呢 打人巴掌還,0
 支那人說民主!!!  哇!!!,1
 可說是履行職務 厲害了你的國,0
" 幹,快笑死",0
 只敢在別的國家撒野的支那人,1
 肖豬母~~,1
 真棒,0
 有笑. 不過英國不是中國屬地嗎?,0
 看吧 英國實力不夠所以不敢大小聲,0
 喔英國好像沒死刑殘念,0
 難怪現在儒派的一出來講點什麼就被酸爆,0
 世界蟑螂，垃圾到哪都是垃圾,1
 中國螂又銀了,1
 鬧，繼續鬧，就怕中共人不出外腦殘鬧場,1
 支那不懂什麼是言論自由，言論自由不是當,1
 話語權在別人身上時大聲叫囂好嗎？,0
 支那或成最大贏家,1
 一樣共產極權北韓人好像沒這樣沒品,0
 我們需要牠們繼續鬧 什麼都不用做,0
 這國家的人真是瘋了...,0
 中國人到底有什麼毛病,1
 支那賤畜早該死絕,1
 這國家只相信力量，不講道理的,1
 支那日常,1
 總有種遲早八國聯軍再現的既視感..,0
 英已屈服壓力,0
 到處在別國地盤上撒野,0
" 不就是交保候傳,講得這麼厲害",0
 中國人又調皮了,0
 英國學一下瑞典好嗎？,0
 夏蟲語冰,0
 放心啦 過一陣子她就會移民美國了XD,0
 在中國發生這女的早就被關起來了！中國,0
 談民主就是好笑,1
 精神錯亂,1
 中國人又在世界到處秀下限了,1
 xDDDD,0
 反正是為了轉移國內焦點的一齣戲。,0
 中國人真的知道民主的定義嗎？,0
 還有五毛在這邊搖旗吶喊 低能,1
 白痴...未經羈押只能關24小時是普世法制,1
 中國霸權要統一地球航向宇宙了,1
 笑死 中國水準 不意外,1
 只有中國想關多久就關多久,0
 這跟分裂中國有屁關係啊那發言人....,0
 人家依法治國 只有中國以為是屈服...,0
 支那賤畜真 不要臉,1
 言論自由?我看了什麼...,0
 中國人=蟑螂人 中华民族=蟑螂民族,1
 鬧場打架是能關多久? 支那觀 XD,1
 有愛國同心會的既視感,0
 支那人真的是愛自慰到極點的民族欸,1
 精神勝利法,0
 這讓我想到以前的清朝時期......民粹,0
 你是活過清朝時期是不是XD 還民粹勒,0
 沒有民主哪來的民粹啦XDDDD 不要瞎七八亂講,0
" 中國這樣鬧可能關到死,所以覺得在英",0
 國24小時被釋放就是我大中國的淫威,1
 很顯然他們不知道言論自由是什麼,1
 可憐 跟台灣的9.2一樣 自小受教育的洗,1
 腦 把國家和專制政權的絕對統治綁在一,1
 或許她本身出了什麼事藉此來表忠...,0
 低能中狗人,1
 中國人只敢在外國講民主XD,0
 看成乳琳琳,0
 以前很封閉的時候 世界各國都對中國有幻,0
 想,0
 No! No! You have no right!你無權逮捕,0
 起 視人權與民主為畏途 一輩子成了專,0
 9.2想回中國 人卻在別國,1
 中國人真的不懂「民主」和「自由」的意思..,0
 制政黨的走狗 只要有人主張人權和民主,1
 的價值就是反中或漢奸 可憐 中國人看,1
 他們懂啊，就是他們想做啥就做啥,0
 說全世界最早的立憲議會君主制國家沒民主,0
 不透這點 就算再怎麼充實經濟與軍武,0
 中國沒有的到國外要,0
 厲害了 KINA國,0
 實力 中國也永遠不可能成為真正偉大,0
 的可以安居樂業的國家 當然啦 憑央視,0
 中國人在談民主wwwwwwwwwwwwwwwwwwww,1
 現在知道後 都只覺得幹你娘,1
 記者的地位 這位小姐也不只單純是威權,0
 說話顛三倒四的 根本就是來亂一波 讓共匪藉,1
 的走狗  還是共黨專政制度下的受益階,1
 此發揮中國式的影響力 宣揚中國又成最大贏家,0
 級 會用力當走狗也不意外的,1
 87逆,1
 Leave me along! 別碰我!我是女記者!,0
 支那沒有民主，反而要別人一定要民主，哈,1
 這樣說也沒錯，因為kina從小被教育民主,0
 =以中華人民共和國為主啊～,0
 XDDDDDDDDDDDDDDDDDDDDDDDDDD,0
 習皇帝果然溜，大顯神威 66666,1
 這樣算桶維尼一刀嗎 我們將要懷念她,0
 討人厭的本領w,0
 又潑辣又可愛,0
 支那論英國沒有民主xDDD,1
 狼性！果然不負世界蝗蟲之名！,1
 見鬼了,0
 更好笑的是自己沒有民主，還嗆人家英國,0
 沒有民主XD,1
 在兇幾點的?到底有多自卑呀?,1
 XDDDDDD,0
 出國了才想到民主重要性大概只有中國人,0
 丟臉,1
 支那賤畜 被八門全開的賤貨,1
 ...厲害了,0
 中國人民的理解真不是蓋的,0
 中國永遠不能成為有制度的令人嚮往的,0
 國家是可悲 把他國的民主當作中國人,1
 要是英國沒有民主，這記者早被種了…,0
 胡作非為的盾牌是可惡,0
 油黑譨賴,0
 中國人講民主講言論自由,0
" 英國沒民主的話,妳大概被抓去再教育了",0
 中國狗批評別人民主？,1
 低能支那,0
 支那譴責他國言論自由 真的會笑死我XDDDD,1
 看到蘋果截圖牠們的言論 全都是說打得好,0
 讓英國見識中國崛起 中國人民站起來了 這,0
 多舉辦的話 應該可以讓更多失控，然後給他,0
 種不知道是認真的還是反串的 好可怕,0
 抓起來哈哈,0
 愛國無罪闖天下,0
 牠們在肉搜被打的香港學生 說他港獨漢奸,1
 瘋了,0
 中國說英國沒有民主 笑死,1
" 犯我中華者,雖遠必誅!!!!!!",1
 大陸談言論自由？？？？,0
 支那人真的很愛在國外討民主,1
 支那畜生到處鬧事,1
 真是沒下限 完全沒羞恥心 全世界都是我,1
 中國潑撒打滾大便的地方嗎,1
 笑死了　支那賤畜說別人沒有民主？,1
 鬧到英國去，支那人真不怕被人看笑話,1
 中國人懂言論自由的界限，亂來怪罪不自由,0
 屈服咧..極權國家最好懂甚麼叫民主法治,1
 看來英國人比川普更了解中國人，香港牌還,0
 夠阿Q 英國又不是中國會扣留人不放,0
 是很有力的,0
 這種小案件根本沒羈押的必要,0
 無恥支那無下限,1
 中國人也懂言論自由,1
 厲害了 打人國,1
 厲害了你的國 人權也好意思拿來嘴,1
 真擔心台灣同業會淪落此下場,0
 中國狗到處拉屎還要別人清真噁,1
 中國豬說人沒民主，這哪個平行世界,1
 現在共匪要塑造中國是世界霸權的觀感 中國人,1
 在海外鬧就是中國崛起最大贏家 被海外人士制,0
 有種去跟習包子抗議，不用跟我說這麼多,1
 止就是西方白人在嫉妒 在害怕中國的實力 整,1
 個就是以為自己可以在世界上橫著走 可惜這觀,1
 感也只在共匪國內靠五毛吹噓才建立得起來,1
 果然是他鄉遇故支,1
 不過吹噓久了 一般民眾也都被洗腦膨風了 這,1
 中國人沒便溺已經很給面子了,1
 蘋果超好笑，頁面最底下還整理出分類好,0
 的系列報導,0
" 種鬧事行為會越來越多 中國會越來越""厲害了""",0
 中國是不是以為他國也可以隨便無限期關,0
 汪汪汪汪汪汪汪汪,1
 人阿?,1
 支那人應該要從世界上消失才對,1
 我操你媽的支那賤畜,1
 牠們可能不知道言論自由的意思吧,1
 很有螂性 很支那,1
 幹你媽中國人支那豬,1
 Kina談自由 如太監談做愛,1
 中國整天一直吠就好了,1
 流氓性都溢出來了,1
 因為英國是法治國家，不像貴國想把人,0
 關多久就關多久=.=,0
 呵呵 中國人不意外 噁,1
 看來中國人的水準真的提升的很慢,1
 支那水準真是不意外  怎麼有人會以這種國家,1
 為傲？  號稱中華文化呢！別再扯什麼中華,1
 神經病糞國,1
 文化在臺灣  臺灣不是中華  而是一個民主,0
 自由的國家  融合各種文化  別再拿臺灣來,0
 支那品質,1
 替你們中華坦了  中華就是個被八國聯軍的,1
 國際笑話！當年大概也是這樣弄到各國不爽,1
 瘋狂的國家養出瘋狂的人民,1
  才會開戰！,0
 支那水準真低 還談言論自由??搞笑嗎....,1
 笑死,1
 有趣,0
 本世紀最大笑話:支那賤畜懂言論自由,1
 支那賤畜幹你娘  世界癌細胞,1
 Kina痟仔,1
 中國人愛出國享受民主，濫用自由，在國內,0
 不能有異聲,0
 看就知道中國豬真的不知道什麼叫言論自由,1
 支人說英國沒民主wwww,1
 這很中國,1
 丟臉,0
 笑死,1
 賤畜滾回柵欄裡不要出來丟人現眼,1
 支那人，嘖嘖嘖,1
 她這種事情本來就沒有嚴重到需要拘留,0
 啊 中國是精神勝利哦？,1
 真的是掌刮英國。,0
 支那發表意見=瘋狗亂咬亂打人XDD,1
 竟然被關放認證 厲害了,1
 官方*,0
 共產黨最近到處在國外搞動亂耶，台,0
 灣瑞典英國，,0
 任何都上升到辱華，看來國內很需要,1
 轉移焦點，激化民族主義,1
 這叫發表意見？  共產黨邏輯真是屌,1
 這麼低級的行為還叫好？中國網友有病？,1
 支那賤種在國外這麼囂張就應該宰一宰丟,1
 海裡,0
 看到支那賤種發病就是像對畜牲一樣打一,1
 打就會乖了 打了還不乖就只能說你打的太,0
 輕了,0
 又是記者又是支那人 雙重悲劇,1
 .,0
 支那賤畜丟人現眼,1
 支那人談民主XDDDDDDDD,1
 民主是讓你可以隨便揍人喔?哪來的智障?,1
 因為沒言論自由，所以搞不清楚言論自由不是,1
 這樣用的嗎？,0
 交保跟釋放傻傻分不清,0
 只會在國外吵民主 敢去人大吵嗎？笑死,1
 支那真是世界亂源，丟臉到無極限,1
 支那也懂民主 言論自由?哈哈哈,1
 當初要不是英國人罩 你們現在還是清,0
 大英帝國，還行,0
 本日最好笑就是你了,0
 在人家的場子叫囂是記者的[言論自由]嗎？,1
 中國正常能量釋放,1
 民主??? XDDDDDDDDDD,1
 噁心的中國腔,1
 也是啦，在中國不愛國是直接關到死,1
 支那最民煮,1
 支那人:英國以跪舔!,1
 言論自由就是send tree pay,1
 在表達自由的國家隨便打人,0
 屎支那,1
 丟人現眼,1
 哈哈，又去國外討民主。,1
 支那真的是白癡組成的弱智國家,1
 哈哈  厲害了我的國  垃圾支那,1
 中國人到底知不知道民主是外來語？ 還,1
 是從日本傳來的 XD,0
 支那人又在標題自慰,1
 垃圾巨嬰國,1
 英國果然縮了,0
 人渣賤狗 幹你娘機掰央視,1
 大家應該要高興呀 中國繼續這樣做,0
 屈於壓力把她釋放XD，如果在中國會一直被,0
 扣押嗎？好怕怕,0
 只會把朋友一個個斷光光 對台灣有利,0
 笑了 支那最民主,1
 這個中國記者的行為在中國，早就被送進精,0
 神病院了,1
 沒言論自由的國家，還以為自由就是可,1
 以妨礙他人自由,1
 學學瑞典好嗎,0
 意見不同就動手動腳，還說人沒民主自由  XD,1
 支那人就這種水準還一堆白癡想被他們統,1
 中國噁噁噁噁噁噁噁,1
 蠢,1
 支那懂言論自由?,1
 支那狗  噁心,1
 海珊總統最不愛打仗 戈巴契夫頭髮最長,0
 真聰明，她一定升職,0
 中國人真的很不怕丟臉欸...,1
  https://disp.cc/b/18-aRpV (央视女记者在英,0
 真爽，不像覺青媽媽當慰安婦還要幫主子屬,1
 錢,0
 支那閉嘴啦XD，很愛給人指手劃腳耶，,1
 明明很正常的事也要扯到民主自由，不,0
 懂就別出來丟人現眼,1
 夏蟲不可語冰 支那不可語自由,1
 神經病 這種小罪一定會釋放的 以為都跟,1
 中國一樣不需罪名人直接失蹤嗎?,1
 支那賤畜沒救了，人類毒瘤,1
 支那妓者,1
 支那有民主？？ 被維尼洗腦洗壞了,1
 人治國家搞不懂法治國家怎會在短時間放人,0
 中國三寶,1
 我發現heartblue上次護航中國被打臉後,1
 支那的低能不容質疑,1
 現在對於中國低能新聞都不敢再吭聲了 XDD,1
 只敢在現在八卦版順風挺韓國瑜 好可憐 QQ,1
 中國最民主 有言論自由 哈哈大笑,1
 噁心的垃圾.....................,1
 支那不會玩民主 別意外,1
 中國以為言論自由就是想說啥就說啥，都不,1
 必為自己的話負責,1
 香港人：「我支持中國」,0
 中國記者：「你反中，你想分裂中國，你連,0
 中國人都不是」,0
 叭叭抓到了～中國女記者港毒～,1
 厲害了支那國！,1
 螂性,1
 有種回國喊中國沒民主，87,1
 好噁心= =,1
 支那人真是垃圾,1
 無言,0
 中國人都有被害妄想症...不過看了,1
 很舒壓,0
 哈哈哈哈哈哈哈,0
 她回過可以橫著走了 聰明,1
 英國小孬孬屈服中共不意外，誰叫你是最,1
 早舔共西方國家,1
 自己沒民主到處利用他國民主撒野的中國人,1
 拜託畜閘請關好，別放出來危害地球,1
 中國式民主 讚喔,1
 支那在那邊管別國的民主哈哈,1
 支那人去英國罵人沒權利 XD,1
 中國香港不再是英屬香港,0
 中國最民主，中國最有言論自由。,1
 垃圾中國人,1
 支那又不標榜民主跟言論自由 英國說,1
 的自己多麼自由也不過如此,0
 這就是中國人，中國人哪！,0
 去跟中國公安講you have no rights,0
 啊 哈哈哈,0
 支那狗又在自慰,1
 聯軍醞釀中,0
 D能,1
 可悲這種行為有人支持,1
 帶種去天安門喊要民主啊,0
 中國人最愛這一味,0
 有種回Kina說要言論自由啊瞎高潮什麼,1
 中國嗆人沒有民主？超好笑,1
 這戲演的好回來升官,0
 支那蝗害,1
 又秀下限……,1
 賤畜就是賤畜,1
 支那邏輯堪慮,1
 整天吃民主國家豆腐 廢物,1
 五毛們看清楚了，這就是為什麼你們走到那,1
 被討厭到哪的原因,1
 難怪大家都討厭支那不是沒原因的,1
 賤畜水準,1
 You have no lights,0
 這行為不就英國愛國同心會 工作型態就,0
 是這樣鬧事 反正有黨的金援 小罪交保頂,0
 多罰款 還吹成對英國施壓放人 XD 五毛,1
 沒見過世面嗎,0
 真的 如果在沒有言論自由都支那國 早就精,1
 神病了,1
 中國人就是以為言論自由就能亂講話，,1
 所以才一堆爬牆跑到ptt帶風向,0
 支那人說英國沒有民主XDD,1
 這就是中國人,0
 利害了你的國,1
 下賤支那太監,1
 不愧為支那賤畜,1
 厲害了 我的支,1
 支那真的很噁心又可笑,1
 我實在是想不到有比支那人更智障的人,1
 了,0
 支那哈哈,1
 大家閉嘴!!!你們要尊重我的言論自由!!!!,0
 哈,0
 支那賤畜真的很噁爛，看了就討厭,1
 有夠噁心,1
 KINA有民主 KINA五毛最有權 XDDDD,1
  支那人沒民主因該很習慣啊 幹嗎罵？,1
 ㄏㄏ,0
 支那又要用民主反民主惹,1
 真的好棒棒 英國小孬孬,1
 瘋子國家瘋子人民 台灣還是他鄰居 哀,1
 看來一百多年前的事情又要重演了,0
 支那人只有資格說北韓沒民主而已吧,1
 支那素質,1
 智障,1
 支障,1
 妳在中國議會敢這樣妳當天就消失了 皇帝講話,0
 妳出什麼嘴,1
 沒關好跑出來的支那賤民,1
 民主、自由本來就建立在能力以上，不然,0
 看看窮人談什麼權利。,1
 在支那肯定被懷念,1
 有本事在自己國家這樣啊 智仗,1
 關英國監獄也比回支那爽 聰明人!!!,0
 全國都是垃圾,1
 越來越覺得中國人超噁心,1
 小罪本來就不會雞鴨，但後面被吉要賠錢,1
 可悲討不到關懷，只能靠央視自我摧眠！,1
 義和團：「扶清滅洋。」,0
 支那豚到處下溪夏景,1
 逮到升官機會的記者，能不鬧嗎？,1
 中國記者腦袋有洞 中國人要求別人民主和,1
 言論自由最可笑,1
 支那賤畜無誤,1
 英國的優越感在面對錢時永遠不會出現～,0
 言論自由不包含打人，智障支那沒文化,1
 打人還被放 英國在幹嘛？,0
 支那人不懂自由國家的法律，以為跟他們,1
 一樣要關到死XD,1
 支那垃圾幹你娘,1
 奇怪怎麼不去維尼面前喊一下你們沒有民主,1
 咧？,0
 這種不都做完筆錄就放了嗎,0
 笑死,1
 支那就這種水準啊 你們很意外？,1
 真他媽智障,1
 牠也只敢對香港留學生發瘋 英國人從後面,1
 抓住手臂 根本不敢反抗,0
 再次證明 中國人只敢打中國人,0
 跟柯黑有八成像,1
 英國可是頗傾中習訪英女王夫妻都出面了,0
 支那水準,1
 民主聖地沒有民主,1
 英國沒有民主？支那邏輯不意外,1
 支那水準,1
 真的是有病,1
 Kina,0
 幹  支那蕭婆,1
 魯迅的阿Q正傳真是神預言,0
 支那玻璃賤種,1
 中國或成最大贏家 (咦？,0
 中國人喊言論自由？ 哈哈哈哈哈哈,1
 支那蟑螂 是不是真的是中國政府派的,1
 可憐,1
 支那真的是國際認證的丟臉......,1
 英國跟中國走那麼近，苦果自負,0
 英國應該把支那肉便器直接驅逐出境才對啊,1
 支那人不懂各國這麼容忍就是民主自由了,1
 整天出國找解放,0
 這麼不合禮儀的事情發生了 也沒讓你被消失,0
 以後支那記者都拿膠布貼住嘴再放他入場,1
 整個國家上下都是習慣耍賴的性格,1
 87,1
 支那人自己沒民主 去國外跟人吵民主 白,1
 不然是要跟關范冰冰一樣嗎？,0
 神經 在全世界各地惹是生非,1
 智障支那，明明就是扣留時間到了,1
 叫女記者回國內看看說得說不出沒有民主,1
 怎麼狗國人到國外開始一付狗樣,1
 看得出來年輕時候應該很正,0
 支那賤畜,1
" 強國人又在護短了,可悲",1
 幹 中國真他媽沒救 全世界都知道支,1
 那的嘴臉了 可悲,1
 大不列顛 好孬,1
 上一個瑞典 現在輪到英國了嗎,0
 英國人超爛的,1
 中國人說英國人沒有民主XD,1
 本來就不會關多久啊。,0
 肏支那感在你們國內要求言論自由嗎？,1
 正常扣24H 不是嗎,0
 這廝的兒子被英國學校開除了uccu,1
 畜牲狗國支那嘴臉,1
 https://i.imgur.com/NnXy5Pf.png,0
 觀念正確.房東有房東的尊嚴,0
 稅率太低養一堆垃圾拖累台灣,1
 所以才說空屋稅很重要 但沒人敢碰,0
 這稅怎算,0
 這幾年柯市長打房有成這種事幾乎沒了,0
 每月租金一千萬真的好爽......,0
 夭壽月薪百萬,0
 空屋課下去阿!忘記現在是資進黨執政了!,1
 東區店面的大戶不是自然人,0
 真想看房東上街,0
 想到一堆魯蛇在那說人蠢就好笑,1
 看錯一個月就千萬了年薪破液,0
 囤房稅就被議員調降的呀！幹,1
 億,0
 對地主而言 降價本來就比租不出去嚴重,0
 改逛信義區,0
 租不出去就漲價租啊,0
 今天一個降價了 其他店面也會吵著要降,0
 空屋率6%根本不用降價,0
 資進黨才不會課,1
 林榮四? 林榮五?,0
 ?? 很好奇 空屋稅 要怎麼查核???,0
 6%是包含住宅吧,0
 其它國家有先例媽,0
 可以課空屋稅及租屋稅,0
 課重一點啊 無能政府,1
 空屋稅 囤房稅 就是不立法啊,0
 房東:你們根本不知道錢多到花不完的可,1
 持有稅很低，2千的房子稅比2百萬汽車少,0
 怕,0
 有錢真好.....羨慕嫉妒噓,0
 說個笑話 居住正義,1
 共產國家應該就抄了吧,0
 你降價租搞不好被附近高價房東潑漆咧,1
 窮人比較好壓榨,1
 破壞市場行情,0
 空屋税？花錢請個工讀生去住就好了☺,1
 呵呵,1
 垃圾議員一直在擋跟房子相關的稅啊,1
 不是說忠孝東路整排一堆是費玉清的,0
 立委,0
 妨礙經濟的元兇,1
 在台北市怪民進黨不課空屋稅 ，帶風向,0
 真噁心,1
 凸,1
 這個應該要嚴懲或者低價徵收什麼的,0
 真棒 一個人就可以左右地方興衰 賺飽了集,0
 體拉高不租 東區一片死水進駐產業崩潰 讚,1
 就是稅啊 政府只會圖利資產階級,1
" 亂寫一通,有10間店面就敢講最大房東?",0
 垃圾政客,1
 那就不要租啊!,0
 就不缺錢 但商圈沒人都擠到百貨公斯,0
 囤房成本太低了,0
 早就說過了(茶~)真正的大戶老房東沒在怕,0
 租不出去的 因為前面賺太飽了,0
 肥肉在此 政府不敢吃,1
 真正的大戶就是對房地產鑑價的單位 球員兼,0
 裁判,0
 翻譯：伶盃政客金主 稅這麼低又不會痛,1
 一堆東區店面持有人是某某商業銀行 這才大,0
 月收千萬 搞不好比工作年薪百萬繳稅少,1
 黨工自己風向帶不成哈哈,1
 昨天高雄那個要租40萬的 看來也一樣心態,1
 怎麼不公布姓名啊，看能不能人肉出來，,0
 抓起來殺掉,1
 一個月一千萬真的好爽...,0
 少賺一個月等於要他們的命，沒有不急的,0
 觀念正確 租不出去就加價租,0
 垃圾炒房屯屋去死,1
 有錢人不會嫌錢多，永遠沒有賺飽的想法,0
 囤房稅都被偷襲，還想降租?,1
 炒房政府^^,1
 現在都往信義區西區跑 加油！堅持下去,0
 所以要加稅吧，幹 根本不痛不養,1
 政府再睡啊,1
 空太久一樣損失,0
 難怪富者越富 貧者QQ,0
 房東就是不事生產又破壞發展的米蟲,1
 好喔..等10間都閒置的時候再繼續嗆沒差~,1
 台北市空屋稅是藍綠降的 別再抹給柯好嗎,0
 寧缺勿濫 佛系房東  會租的人自己會來…,0
 期待下一個天母商圈,0
 每個月租金一千萬? 真的假的...,0
 讓他沒落阿 別當盤子給房東宰,0
 說個笑話 本來就是不同的世界 怎比阿,0
 連戰就是你,1
 他們不缺錢 …消耗戰也是他們贏,0
 躺著月入一千萬..,0
 賴功德自己死不敢提房價 民進黨工還整天,1
 賴給柯XD,0
 月入一千萬 沒有成本問題...幹,0
 這就對了。 放著讓他東區變蕭條 也是,0
 房東的自由啊,0
 鬼島日常,1
 趕羚羊難怪經濟不好 都被這種無生產力的,1
 完全執政柯P負責真的爽 藍綠都在護金主,0
 炒房政府,1
 大陸收購東區所有店面全部關門 東區就倒了,0
 囤房的每個月課3%的房價稅金就會怕了,0
 早賺回本好幾倍了 現在租出去的都是多的,0
 持有稅率太低，政客繼續降稅,0
 設個法律空屋稅按照近年最高租金去收,0
 這算什麼 建國北路三段兩棟商辦閒置三十年,0
 才屌,0
 7777777777777,0
 1個月的租金可以撐50年的稅,0
 炒房躺著賺,1
 台灣遲早如明朝 亡於土地兼併,0
 口袋深 @.<,0
 沒有不景氣，是你沒房地,0
 一千萬 好扯,0
 行情維持比較重要,0
 持有成本很低,0
 垃圾政府只會亂收百姓的錢,1
 賴清德擔任市長時調漲房屋稅，柯文哲呢？,0
 主要就是稅超低 上位者都在睡,1
 不能得罪金主,1
 更猛的還有企業花錢養地蓋房,1
 房東就是種沒生產力的行業,1
 搞不好集團持有ㄚ，要養一堆人,0
 可惡什麼事都不做薛一堆錢,0
 勝過降低租金租給低能夾娃娃店，那才真,0
 的是浪費土地,0
 柯：打房台灣會完蛋,0
 加價租才是台灣的玩法,0
 比起錢，觀感更重要，一堆親友期待降價看,0
 笑話的，當然死都不降囉。,0
 曾經當作店面使用的空屋應該增加持有,0
 成本,0
 天龍人好貪阿,1
 反正不甘我魯蛇的事,0
 囤房稅一堆憨包議員在檔啊,1
 臺灣沒空屋稅這種東西嗎，房東有恃無恐的,0
 月收千萬早就飽到撐了 不降無所謂,0
 管它 沒戶籍就課稅 不繳稅就宣告戶籍人死,0
 亡 直接國家接管 幹,1
 羨慕嫉妒恨,0
 稅低到靠北ㄏㄏ,1
 香港化？,1
 繼續空著啊~,0
" 沒課重稅,吸血鬼根本有恃無恐",0
 反正這時間無腦柯粉只在乎無腦挺柯而已,1
 沒空屋稅啊  加重課下去  看他再唱秋,1
 啊,0
 店面跟住家概念也不一樣吧,0
 嚴懲三小 地是人家自己的 難道是用偷搶的?,0
 應該空屋稅+房屋稅以實價計 不然沒用,0
 高房租才能夠高房價,0
 忠孝復興敦化捷運還是很多人阿,0
 仇富仇到沒有是非也是滿可悲的,1
 加稅看他將不降= =“,0
 羨慕,0
 你不課稅只是鼓勵大家把資金往房地產走,0
 搞死東區就是這些人,1
 畜生米蟲,1
 真以為有自由市場喔 ＝＝＋跟仇富有啥關係,1
 因為會打到政治人物吧 才不敢對富人下重稅,0
 最近親戚也是在砸錢裝潢 辭職當包租公,0
 他願意租不出去少賺錢我沒差= =,0
 往極右派靠就是這樣，這些富豪法理上看,0
 起來沒有錯，實際上其他人和社會苦哈哈,0
 還可以減少資本利得流到房地產吸血鬼的量,0
 房東就垃圾,1
 同時商店會移動去繁榮其他地方促進地區平衡,0
 之前報導就報過 立委議員諸公一堆大地主阿,0
 空屋稅加下去，馬上房價崩盤,0
 共產國家的話 黨要逼你加價租都可以,0
 有沒有稅法專家可以說明一下，房租每月,0
 收到千萬的話可以課多少稅啊,0
 而且現在房東一堆都不繳稅的XDD 政府管不到,0
 官商勾結，自治團體不彰，這明明就左左,0
 誰跟你極右,0
" 店面沒有不申報稅的啦,只是稅也不高",0
" 應該根據人潮課閒置稅,這可從附近商家知道",0
 捷運就蓋在這 地理位置也是台北+新北的,0
 社會的吸血蟲,1
 中心 房東根本沒在怕,0
 像這種的就開課徵空置稅，就按月租金三成每,0
 月收取就好,0
 難道房東一點社會責任都沒有,1
 就經濟發展的毒瘤阿,1
 好爽,0
 放任市中心空店面然後說我們經濟好,1
 放10年沒人租 他就會降價了,0
 講幹話,1
 不就市場機制 現在不痛不癢啊,0
 笑死，房東沒生產力，那領基本薪資,1
 這篇正解 放個3-5年根本不痛不癢==,0
 的更沒有,0
 一堆9.2都是大房東,1
 稅法要過議會啊一堆狗在擋怎麼打,1
 八卦板仇富垃圾出來吠了,1
 空屋稅課不到啊，怎麼證明叫空屋,0
 幹根本新帝制啊 幸運的精子爽一輩子,1
 幹 不只一輩子,1
 我隨便辦個行號再停業你說我這裡是空屋?,0
 炒房的良心不知在哪,1
 對IBM開槍的房東現在不知如何了,0
 房價在降了好嗎，白痴,1
" 這種不去課稅,在裝死喔",1
 鳥籠日常,1
 錢都逼到股市了,0
 昨天不是一堆笑高雄租不出去?不看看台北嘴,1
 臉?,0
 他躺著天天於吃鮑魚到死都沒差,1
 本來就是，擔心租不出去根本假議題,0
 投資房地產>>>炒股票,0
 還不如扶植其他地方發展，不過可能同一個地,0
 惡房東也是台灣垃圾之一,1
 主，嘻嘻。,0
 囤房的，每個月課房價3%，他就會怕了,0
 。,0
 月入千萬太扯了 嗚嗚,0
 早就知道的事，政府就不想動金主呀,0
 持有成本太低了,0
 新聞說現在房稅太高耶,0
 就是這些垃圾在搞台灣房價跟物價,1
 幹 一個月租金1000萬…,0
 台北不EY,1
 幹 超短視近利 看著這條路逐漸蕭條也,1
 爽 就沒有讓東區更為興盛的願景嗎,0
 這就是貧富差距 富者恆富,0
 台北要東區要到蕭條台灣大概進加護病房,1
 月入千萬還不是台灣首富?郭董到底有,0
 多少錢？,0
 空屋稅趕快課起來吧！,0
 很多房東都是持有一間以上的房子 但,0
 持有稅太低,0
 沒說騙什麼，干,0
" 柯p智商157, 會處理嗎？",1
 有種就永遠不要租，到時候看降不降,0
 高調,0
 經濟毒瘤 希望有天然都更 只都更他,1
 與其降租不如不租啊，就算高租金只能租,0
 一半出去，也還有500萬。靠房子賺錢就是,0
 比氣長比耐力，反正又沒有資金周轉困難,0
 房屋閒置 在台灣真的是很大問題 看看日,0
 剛上台北的第一間租屋處 房東就有24,0
 ，景氣也是會循環的。,0
 本,0
 間房 當時覺得根本就是錢滾錢,0
 那難到東區店面倒不停是假象？還是是,0
 自己不爭氣？,0
 賺這麼多稅繳這麼少,0
 租一個月就10工不用工作,0
 東西賣的貴不是沒有原因,0
 10年,0
 降價還影響自己房價，投資土地又不是投,0
 資事業，放著也不會燒錢。,0
 月入千萬就台灣首富你會不會太天真？,1
 繳稅阿，躺著賺捏！,0
 郭董富士康市值上兆你這租金收一輩子,0
 也追不上,0
 人生勝利組：（,0
 禍害,1
 很多房東都這樣啊,0
 不用空屋稅，公告地價跟現值一樣就好,0
 好命,0
 其實他們很心痛好嗎XD有錢人也是愛錢,0
 沒有生產力的寄生蟲,1
 這樣炒房價居然沒有罪 鬼島法律,1
 東區一堆店面都林家後代的,0
 就有人不敢課持有空屋稅阿..,0
 一年多課現值5%就好，馬上全部嚇死,0
 空屋稅跟租金的所得稅課一課好嗎,0
 一堆窮酸人在眼紅,1
 政府在幹嘛，立委在幹嘛，真正該課稅不去,0
 做，只想怎麼對境外小額交易課稅，無言,0
 都爆出來了政府還不打 瞎了嗎,1
 上輩子到底要做多少好事 才有這樣的,0
" 囤房的寄生蟲,變相的農奴制度",1
 福氣啊～,0
 這種人應該下地獄,1
 鄉民一堆都是蠢蛋 有錢人有他的玩法,1
 眼紅？如果收房租比做實業好賺，有誰想,0
 找人去那自殺一下弄個凶宅就降價了,1
 就不要去當盤子啊,1
 所以東區才會漠落,0
 搞實業？ 國家要怎麼進步？,0
 昨天在高雄澄清湖就一堆人扯高雄衰敗沒人,0
 現在跟你講台北東區商圈才空 一堆人7PUPU,0
 房屋稅是地方稅,0
 羨慕噓,0
 一個月一千萬，幹爽到爆,0
 改租娃娃機也不怕,0
 關鍵還是房屋持有成本太低,0
 一堆窮酸人眼紅+1,1
 詛咒人真的很好笑,1
 口袋深(X) 持有成本低(O),0
 高雄才沒衰敗咧  有起飛過嗎?,1
 空屋税根據電費水費就好了,0
 這房屋狀況有點像大地主 vs 佃農,0
 應該空屋幾年之後，充公,0
 本多終勝,0
 空屋稅就議員擋的啊,0
 根據水電費查得出來 只是沒人碰而已,0
 不怪民進黨現在市長是能改稅制哦,0
 有錢人屌打一堆臭酸宅,1
 重點是這些人繳的稅也沒多少,0
 擋屯房稅的那些議員 不該吃屎去嗎?,1
 根據水電查 笑了 開幾天的水、冷氣不關就,0
 這種人應該下地獄,1
 怒了,0
 老屋 本來就課不到稅了,0
 好了 控制在五百元你就沒招了,0
 垃圾議員一堆房產誰敢打？,1
 自用住宅跟商業地混為一談？,0
 誰跟白痴柯粉一樣一個月領不到五萬,1
 說個笑話 首都都更 房屋稅,0
 每個月換超跑的概念,0
 柯粉就是沒房子的低端 整天寄望師,1
 父劫富濟貧給他們免費房子住,0
 事實,0
 用別的產業代入，不惡性競爭削價賣自己,0
 的產品，是正確做法,0
 稅法還不修 政客再裝睡啊,1
 卻又不看自己學歷能力廢的跟遊民,1
 就是這樣子一坨屎拖累全台灣人,1
 租不出去就加價租,0
 上次費玉清不是也被報紙說是東區包租公,0
 空屋不加稅，整天只會睡。,1
 建國高架應該拆掉 蓋捷運建國線,0
 而且這個跟房價連結性不大，鬧區的店鋪,0
 租金本來就有一定行情，也不是一般民眾,0
 會去租的，沒什麼好幫著一起同仇敵愾,1
 這國家沒未來了 希望能在50年後趕快滅,0
 民進黨還是去當在野黨，執政沒本事。,1
 國,0
 廢物低薪柯粉眼紅氣pupu,1
 閒置土地稅金啥時會多徵收阿？,0
 有錢就是任性,0
 支那才該滅掉，你們才是地球的毒瘤。,1
 廢物柯屁不敢打房,1
 U錢真好,0
 癈物民進黨整天打手槍,1
 空屋稅是地方財政可以決定阿，要不要做而已,0
 空屋稅啊,0
 政府就無能幾十年了，屯房就課重稅啊,1
 月收千萬真的比企業老闆爽超多,0
 幹 整天就會哄抬價格 支持非自住跟閒置稅,0
 廢物柯粉買不起房眼紅了哈哈,1
 就說要狂課稅啊 照他開的租金去課,0
 可以做累進稅額啊 %數調高點,0
 權貴很多自己本身就是大房東或是共生,0
 幹 整天就會哄抬價格 支持非自住跟閒置稅,0
 低學歷無業柯黑不知道在高興什麼XD,1
 結構 不要想他們會自己改革自己,0
 率調高2~10倍,0
 操他媽是垃圾政府不做而已 誰不知道一,1
 真的有錢就囂張,1
 堆狗官自己就是房東啊 幹你娘咧,1
 原來是香港啊 我還以為是台北,1
 買不起房的高學歷柯粉氣pupu,1
 週休七日爽收千萬租金 有這種富爸媽包租,0
 想必也是考不上醫科的廢物,1
 公婆真的人生勝利組,0
 他不賺他家的事啊,0
 這才是包租公婆的觀念,0
 媽的稅率死不調，有錢人就是爽,1
 真der棒,0
 柯粉蒸蚌 連房子都買不起的低端,1
 高學歷好讚喔 怎麼買不起房咧,1
 等商圈沒落以後一毛都沒得賺,0
 每個月一棟房子或一台法拉利欸,0
 議員就垃圾理由不調高囤房稅,1
 錢集中在某些人身上所以社會才會沒,0
 0857,0
 錢啊,0
 房東的尊嚴,0
 經濟害蟲,1
 之後台北會漸漸沒落，腹地太小，不如西部,0
 的平地好發展,0
 資進黨德政,1
 房屋持有稅真的太低了，資進黨放任亂象,1
 換成日本的税大概就拋售了,0
 國家財政嚴重，抄了吧。,0
 空屋稅罰起來啊,0
 商圈轉移掉這些垃圾房東就會怕了,1
 馬的勒？,0
 屯稅漲起來,0
" 商圈轉移掉只是換另一群房東爽,沒解決問題",0
 空屋持有成本這麼低 太不公平了吧,0
 立委：怕,0
 小的愚鈍第一次聽到空屋稅！佔著房子,0
 哈哈 飲鴆止渴啊 以後東區商圈毀了再說,0
 不住也不用，真的是浪費台灣空間,1
 這真的寧願不租也不能降價破壞行情,0
 只有記者在操煩而已 ㄎㄎ,1
 鄉民真好笑 以為那些房東是誰?還修法咧,1
 不意外 這種房東就是經濟衰敗的元兇之,1
 一,0
 爽囤，反正政府沒輒,0
 這些年收千萬包租公婆早就賺飽了 都有不,0
 該收一下富人稅了吧 救救窮窮老百姓,0
 租寧願閒置的了 他們根本不怕 他們就是,0
 活對時代買對地點 爽完繼續給子女爽,0
 日本泡沫經濟時期 房價地價租金都炒老高,0
 造成建設困難 投資困難 台灣還要走老路嗎,0
 維持地產阿，不就大地主都在做的事,1
 樓上有人講錯了 人家是月收千萬啦,0
 垃圾窮人快去念理組賣肝阿 勞碌命,1
 說好的稅改呢？,0
 鬼島棒棒,1
 正解。,0
 阿就不要租 關大家什麼事？,0
 早期大戶 持有超過30年了吧,0
 空屋稅課下去,0
 那大家現在都不要去東區消費了啊 讓,0
 他閒置個一兩年,0
 有錢囂張什麼  有錢人全部去死,1
 建議台灣有累進空屋税,0
 難怪經濟不會好,0
 空屋屯房稅課下去就好了,0
 ㄎㄎ 撐不下去不是哭政府就是賣房產,1
 媽的空屋稅啊 幹你娘資進黨,1
 政府有課稅嗎???  財政部所得稅呢!!!,0
 不然天堂M那些課長 哪有錢做紫裝,1
 豪華稅如何？,0
 不錯 學蘋果那套就對了 降價求售反,0
 而讓人覺得這裡沒希望,0
 垃圾,1
 讓我們繼續檢討公務員領太多,0
 平均五萬 感謝這些人,1
 奴隸就安分點 上繳租金給房東吧,1
 垃圾房東 市場都要被搞爛 政府還不開,1
 罰,0
 居住正義，操你媽的,1
 這種不抽重稅?,0
 沒錢就別租啊 一堆詛咒窮酸真有趣,1
 怪不得物價一直上漲,0
 廠商有點骨氣好嗎？就不要跟她租啊,0
 羨慕噓,0
 持有稅太低導致一堆噁心房東,1
 國民兩擋然後怪柯 真有臉,1
 垃圾有錢人全家死光,1
 爽，月收屌打多數人一輩子，虧幾個月沒差,0
 ，我再租兩年繼續屌打,0
 羨慕,0
 年輕人自己不爭氣，學學這個房東豪嗎？,0
 月賺千萬，請問我的精液有多珍貴，要,0
 射給何等美女才行呢？,0
 不要去東區養房東，難停車東西又貴,0
 政府是植物人???????????????,1
 何時學對岸?,1
 羨慕,0
 哪裡賣3千的都馬夜市貨,0
 那還有一堆盤子給房東爽賺,1
 就是這些無生產力的拉機拖累經濟,1
 實際上你一降，整個商圈就low了，吸引些,0
 爛店,1
 官商本一家，課了稅又不會進官員口,1
 袋，利益輸送才會好嗎,0
 房東囂張,0
 又帶不進棺材,0
 不降價，再來就是惡性循環了,0
 哈哈哈,0
 有人知道是哪幾家店面嗎,0
 房屋稅太低，政府在睡,1
 台北東區，會不會到最後變成柯P要負責？,0
 到底什麼時候要提高囤房稅呢，各位議,0
 員立委,0
 關鍵字 設立公司 稅,0
 根本不用怕,0
 呵呵 議員還敢降囤房稅,0
 以前就賺夠惹哪有差,0
 民眾都沒地方住了 還一堆擋囤房稅的,0
 立委,0
 果然不是南部就沒人酸了,0
 https://i.imgur.com/7AhrSMf.jpg,0
 降價就是整個價值被拉低 我不缺錢我幹嘛這,0
 麼蠢,1
 能怎麼辦，期待dpp打房嗎,0
 空屋稅假議題阿  一堆方法可以解,0
 設立一個空頭公司在空屋裡面不就好了,0
 房東這個職業到底對國家進步有什麼貢獻 要,0
 如此保障他們的利益？,0
 階級流動...,0
 垃圾政府這些不查一查,1
 他們這樣對社會到底有什麼貢獻?,0
 對國家進步有貢獻 (X),0
 對政客荷包有貢獻 (O),1
 有錢怒噓,0
 就持有成本太低了阿,0
 有錢就是任性~,0
 https://www.ptt.cc/bbs/KOTDFansClub/M.13,0
 69730642.A.D7B.html,0
 希望變成凶宅,1
 這新聞就是房東在喊救命啊,1
 不須要的佔一堆 須要的連廁所都買不,0
 起！,0
 國稅局 這裡,0
 所得稅,0
 課五千萬閒置稅啦,0
 高價租金應提高課稅 不然這些包租公婆都米蟲,1
 空屋稅定再高 計價基底低一樣沒啥用阿 = =,0
 這種大金額的租很久是正常的好嗎？,0
" 要管制 就要讓該地產""實價""計稅 但這條沒人",0
 高價租金應提高課稅 不然這些包租公婆都米蟲,1
 這種新聞就是想帶風向搞新的政策,0
 碰啦 任何有房地產的人除非跟錢過不去 不然,0
 廢物,1
 一堆蠢的附和,1
 跟本不會想用實價課稅...,0
 民進黨真D噁心,1
 小哥?,0
 死米蟲,1
 順便搞中間人之類的,0
 稅金該找這些房東，而不是靠中產階,0
 級,0
 課重稅。政府死了嗎幹,1
 說個笑話 柯痞打房有成 這就跟馬的,0
 空屋稅? 放台夾娃娃機就不算空屋了，要課,0
 經濟成長一樣意思 嘻嘻,0
 稅就是持有成本全抓來上漲,0
 三個月就可以賺到有人一輩子才賺的到錢...,0
 月收千萬，但房價數十億怎麼不講,0
 打房？,0
 持有成本上漲，就是台北市有房族要出來哭,0
 妖了,0
 就讓房東十間全租不出去啊,0
 DPP是房東的好朋友,1
 貪婪無上限的房東遲早遭到報應,1
 調高空屋稅？ 再漲房租就好了！又不是,0
 自耕農,0
 應該將閒置成本大幅調漲，空間閒置,0
 不利經濟整體發展，持有跟閒置成本是,0
 不同的。,0
 要打將軍。結果將軍沒死 死的是上兵,0
 等逛街人潮都不去東區 再黃金的店面租不出,0
 去難道等都更嗎,0
 應該是有錢到三輩子花不完啦,0
 口袋超深 租不出去也不急 你奈他何,0
 垃圾房東,1
 幹你娘 生兒子沒屁眼,1
 就是跟你講盤子很多 總會有大戶來砸錢,1
 超爽，就是不租給低端,0
 看推文發現一堆人仇富仇到是分非不,0
 持有稅低成這樣 炒房的爽r,0
 那就商圈轉移吧,0
 台灣房東多的是吃相難看的，租金無限漲,0
 時間久了就知道了,0
 持有成本低啊,0
 炒房垃圾人,1
 北部不意外,1
 政府沒有規定制止這種垃圾行為,1
 不就中華民國素質養出來的？郊區蓋個捷,1
 運延伸就在那邊靠北靠母，然後才在怪為,0
 什麼大家都想擠市中心房價高。什麼都怪,0
 政府真的很好笑,1
 屁啦才一個月千萬就最大房東 笑死,1
 推巨嬰一直怪政府 明明自己就愛這樣,1
 稅課下去就行了，但政客不敢。,0
 年漲5%侯友宜精神領袖,0
 稅咧,0
 有錢就是任性,1
 店面刻空屋稅 克重一點 物價就會跌了,0
 這種機會不是屬於我的..,0
 爽死,0
 租不出去加價租，房價井噴,0
 幹有夠羨慕,0
 推gemini2010   ：曾經當作店面使用的空屋,0
 應該增加持有成本,0
 賠錢不打緊，少賺要人命啊,0
 立法委員選來不立法，整體耍猴戲，要,1
 看猴子我不會去動物園？,0
 幹！她今年可以買一台f16玩玩啊？,0
 沒有個大動盪實在無法改變現況,0
 空屋税砸下去，閒置越多年稅率越高，最重,0
 自助餐:後天不努力啊 不然母語大對決 就失效,1
 到底在眼紅三小,1
 有小學生數學程度就知道幾年不租也沒,0
 從古到今，有多少朝代，都是地主吸血吸垮,0
 的,0
 不學日本房屋會折舊的話，早晚高房價,0
 高房租會拖垮台灣經濟，然後整個國家,0
 崩潰,0
 不做事光收租的人拿最多，這樣經濟肯,0
 定完蛋,0
 空屋成本真的很低啊，該打！,0
 當初西區也是這樣 沒差沒差 商圈就自然轉,0
 移啦,0
 大家還是認命點吧科科,1
 抽房屋稅救台灣,0
 房東有沒有差是他的事 重點是商圈在轉移,0
 愛往市區擠活該被房租壓死,1
 推,0
 房東：議員跟政府都花錢喬好了,1
 那就空屋稅抽重一點吧,0
 垃圾王八蛋,1
 台灣真的要被議員立委弄倒了...，真希望,0
 來個世界大戰就可以回穩了..,0
 都靠一堆窮人養,1
 空屋稅跟空地稅一徵就會動搖國本跟黨本，,0
 沒有政客敢啦,0
 台灣人民就是奴啊，政府就是看準你們不管,1
 反抗啦,0
 應立法增稅,0
 囤著又不用繳多少錢,0
 炒房政府，不肯調高稅率因為政客自,1
 己也在炒,0
 說房東垃圾的才好笑 人家不偷不騙不搶,1
 一個月賺一千萬是他的本事,0
 有人說東區房東OOO 改逛信義區西區...,0
 買房子也是要成本的 誰說他爽爽賺,0
 奇怪 難道信義區跟西區的房東就比較仁慈?,0
 差別在於人家投資眼光精準 早早就進場,0
 沒錢沒本事的就是看人家躺著收千萬月租,1
 自由經濟資本主義就是這樣,0
 結果政府說軍公教是米蟲,1
 轉型正義比較重要,0
 資本主義就是如此阿 去古巴大家都一樣,1
 快樂指數反而高 一起DIY破車,0
 沒在怕報出來幹嘛？以為大家很在乎嗎？,0
 就是租不出去會怕才要炒新聞嘛！當大家,0
 白癡膩,1
 當錢都流入這種產值只有垃圾的人手裡,1
 天龍國要亡了,0
 說個笑話 居住正義,1
 說個笑話:政府打房,1
 修法用重稅來治少數人，謀求多數人福祉,0
" 無限期閒置每年重稅,典型占著茅坑",0
 不意外,0
" 閒置店面才6%, 之前說東區沒落變鬼城的出",0
 來面對啊，我每次去都一堆人,0
 繼續不立法照市價持有稅，呵呵 藍綠立委都,1
 要靠金主養啊,1
 這些人就在拖垮台灣啊,1
 說本事的…那要培養什麼專業才有月收千,0
 萬？,0
 一千萬……？,0
 幹你娘垃圾政府，一堆房東躺著就能過好,1
 日子，有些人拼了半條命在工作只能糊口,0
 ，幹！,1
 經濟最大阻礙,1
 社會亂源...,1
 連家人頭,0
 貪得無厭的人還是很多耶…,0
 革命第一個殺地主 凌遲一刀刀砍,1
 幹嘛降價給廢物勞工有工作,1
 反正房東100年也餓不死 奴隸勞工一個,1
 月沒工作收到國民年金就哇哇叫,0
 鬥地主 打土豪,1
 逢甲也是..東西越來越難吃汰換率也高,0
 空屋說給他課下去就對了,0
 狗黨炒房八年把台灣搞的烏煙瘴氣,1
 這稅也太便宜,0
 講的柯黑買得起東區店面咧，白癡,1
 人家躺著不做事就月薪千萬 反觀本板..,0
 .,0
 一個月買一間房,0
 東區很多房東都是兩大幫派的...,0
 課房東税應該越重越好,0
,0
     香港 租金房價無限上升的結果,0
         http://is.gd/WlNkOv,0
 每當房價上升，各產業的成本也會上升,0
 過高的租金 會扼殺大部份的實業,0
,0
 高利潤 但高租金， 利潤就是全部跑去,0
 店鋪的業主手上。   他會令基層勞工的,0
 薪水提升嗎？ 不會，  整個店子的員工,0
 薪水加起來 都不及租金的一半,0
,0
 幹你娘操房東,1
 呵呵,1
 乾月收一千萬,0
 阿就修法的自己都有空屋 所以不會,0
 一堆窮人眼紅嫉妒 呵呵，人家就是有本事,1
 啊當初台北房價便宜的要命只要肯努力人人,0
 買得起的時候你老爸阿公在幹嘛怎麼不買？,0
 房東真的hen好賺，躺著睡不用做事每個月月,0
 入千萬，你敢嘴？,0
 羨慕 挑對地方蓋房子比中頭彩還爽,0
 立委不立法也沒用，有錢人根本不怕,0
 炒房政府,1
 文組,1
 回肛,1
 奇怪，現在名嘴跟議員都比醫生還懂醫學,0
 有種來比開房間啊  我們世姦肯定電爆柯,1
 文哲,0
 居然在大刀面前耍關公 唉,0
 北七 建商跟外科醫生辯這個,1
 你他媽要是沒有前幾天的小丑，這些白癡還在,1
 亂抹黑ㄅ,0
 真的沒專業別再人家面前耍刀 真的很爆笑xd,0
 開房堅本來就沒什麼料  只會大聲而已,1
 換新版本4好事ㄅ,0
 四樓，開房間洪醫師不會輸，真心不騙,1
 不讀書  不尊重專業  沒有良心,1
 綠共黨員當官越來越不查證 名嘴真好,1
 當,0
 叫蔡璧如都能電爆恰吉,1
 現在要檢討台大使用葉克膜本身了唷 DPP的下,1
 限就是沒有下限,1
 http://0rz.tw/fglxA,0
 一個只會幹樁腳女兒的人談醫療 ㄏ,1
 在醫師面前談醫療，該看病了,1
 阿宅表情超好笑,0
 12:48秒 洪浩雲,0
 笑死,1
 蔡壁如的確是有辦法電爆啦 好歹也是,0
 在旁邊那麼久,0
 有種我們聊摩鐵啊，開房堅電爆泥,1
 王世堅算好的了，知道錯就閉嘴,0
 洪醫生一直都在憋笑 世堅蠢到連這都打,1
 遇到周玉蔻那種就開始插嘴道你講不下去,1
 不 王世堅被打臉改天到別台還是繼續扯,0
 上班公車秀就是例子,0
 洪跟王兩個應該很麻吉啊！,0
 文組被醫生嘴嗎,1
 所以現在又開始拿一張表在亂扯了阿,0
 他什麼黨? 民進黨 在跟我說民進黨沒介入,1
 操 根本亂打 不知道的事情 拿出來亂講,1
 我幹你娘民進黨,1
 王就是個小丑,1
 還什麼金主 挖哩 做表格完要做對價了嗎?,1
 笑了,0
" 這個議題根本不是""空心菜""多少錢的議題",0
 你看看他的質詢，簡直是個笑話，丟盡台灣,1
 不就知識不對等……,0
 人的臉面,0
 拿以前的葉克膜 比現在的葉克膜....,0
 原來葉克膜真的那麼容易上手？台灣要變葉克,0
" 再切啊,民進黨~幹你娘",1
 膜王國了嗎,0
 只會幹樁腳女兒的垃圾 ^口^,1
 人數都差不多,0
 人家洪醫師看小丑表演在笑 有人看的好氣,1
 喔,0
 洪浩雲很討厭柯.不過踩到醫生這塊,0
 私得有問題的跟人家談醫德?????????,1
 王世堅不在床上時都在練蕭威,1
 幫柯電電一堆垃圾也不意外,1
 世姦整個打臉鄭朝方耶,1
 呵呵 每個都大外行在嗆大行家,1
 私德有問題的跟人家談醫德?????????,1
 說好的不是DPP背後指使,0
 知識不對等可以不要拿這個抹黑，胡扯半,1
 天被打臉用知識不對等當作藉口不是給人,1
 當笑話看？,1
 Dppㄧ直打這個有意義嗎,0
 DPP這隻真的蠢到有剩XD,1
 連本業都輸洪，怎麼打葉克膜.........,0
 王世堅從頭到尾就是笑話 不然洪醫生的表,1
 情是什麼？,0
 資進黨又要切割了？,1
 廢物王世堅,1
 Dpp:個人行為啦,1
 笑爛,1
 垃圾dpp，再嘴啊,1
 白痴不尊重專業,1
 臉好腫,1
 電爆有什麼好開心的，無恥自由時報,1
 還是可以亂下標,0
 https://tinyurl.com/yb2dz825,0
 有夠廢,1
 ゴミだな,0
 所以洪耀福要不要解釋一下這跟dpp有沒有,0
 關 整個黨都在那邊唬爛,1
 支持柯p就是要拒投大小綠政客,0
 真白癡  經驗傳承當然越來越好  政客就是政客,1
 有夠丟臉,1
 老王就法克膜的專家 質疑葉克膜合理,0
 恰吉沒什麼好怕丟臉，他只要講出關,1
 鍵句讓新聞下標,0
 整個論點的邏輯錯誤根本沒人在意,0
 目標受群不同呀,0
 比數字就會有這種盲點 王世堅被電也是活該,1
 民進黨都這樣人物？,1
 非專業裝專業，攏嘎嘴角專ㄆ,1
 深綠族群就這種程度啊,1
 https://i.imgur.com/fCRSpBu.jpg,0
 這個邏輯就等於：2008之後智慧型手機快速,0
 普遍，一定是因為政黨二次輪替的關係,0
 為啥要在醫生旁講葉克膜 不覺得很蠢嗎,1
 癈到笑,1
 廢物,1
 王就不是醫療專業，洪糾正他，他也,0
 沒硬拗,0
 智障蚵粉高潮了嗎？,1
 推,0
 豬油的標題好垃圾,1
 波波都屌打王世堅,1
 一直在打柯之前醫生的專業是在腦殘什麼？,1
 爽,0
 開房間的專長還是去開房間吧,1
 無知又沒良心,1
 洪又出來刷存在感了,0
 不如...,0
 紅燒了你敢吃?,0
 一邊說1萬%跟民進黨無關 一邊拼命抹 呵呵,1
 https://imgur.com/BgizTzR.jpg,0
 這是個人行為 與本黨無關XDDD,0
 DPP要不要切割王世堅阿 顆顆,1
 以前騎馬到高雄要3天 現在坐高鐵只要2小,0
 時 一定是偷懶,0
 民進黨大敗 這些人都是該被檢討的對象,0
 牙醫，民代，名嘴都很會用,0
 這垃圾還能當不分區。綠裡面只剩垃圾了,1
 廢物小丑去開房間好嗎？,1
 不要一直貼王世堅的臉啦ww,1
 跟民進黨無關？立馬破功,0
 也只敢在DPP票倉選 不敢進市區 穩輸,0
 哇還有人能幫這咖護航 奇觀,1
 恰吉我記得不是文組的 中興應數好像 XD,1
 神奇的是幫他護航就算了 居然是用他,1
 非專業 資訊不對等來說嘴,1
 外行領導內行 亂嘴一通才是最為可悲,1
 最該譴責的行為,0
 有種比開房間啊！看誰電爆誰！,1
 垃圾黨,1
 恰吉抿嘴，經典表情,1
 哪區選出來的自己載回去丟好嗎？丟臉,1
 https://i.imgur.com/VN1joMs.gif 太狂了,0
 廢物還有一堆人投 真他媽的,1
 洪洗白啦,0
 不是專業或知識不對等不是應該在質疑前就先查,0
 證嗎？需要台大醫院的時候就緊巴著不放～要政,0
 治鬥爭的時候台大醫院就又變成一堆弊端？,0
 民進黨再說只是個人行為啊,0
 不用葉克膜人死了要誰去賠啊,0
 讓病人去死就對了,1
 唯一支持王世堅代表民進黨,0
 開房間不要臉髒東西,1
 真是夠了，整個黨都讓人作嘔，做人的下,1
 限在哪？,1
 你們柯文哲跟洪浩雲不懂葉克膜吧！有很複,0
 雜嗎？,0
 算房間錢比較會的咖,1
 世堅看來是想進逼姚文留下的立委位置,0
 繼續努力中..,0
 傻眼  醫生才最專業的好嘛,0
 這種不叫抹黑 什麼叫抹黑???,0
 笑死，不唸書臉皮厚當立委，敢跟醫師,1
 唬爛葉克膜,1
 王世堅怎麼上的?,0
 有夠沒水準 跟綠粉一樣,1
 小時不唸書 長大當DPP民代,1
 XDD,0
 看他質詢就知道他是什麼貨色了,1
 最廢的是他們一直想要把捐器官的事,1
 情誘導回台灣，結果回到主場還是什,0
 麼證據都調不到，還缺少了跨國和極,0
 權的朦朧感，這種行為無疑是自爆啊x,0
 D,0
 反而他一直罵的人還抱怨過台灣太濫,1
 用葉克膜做無效醫療，但是同時也說,0
 不用那些人都是會死的，所以王覺得,0
 人死掉比較好就是了,0
 現在很奇怪 一堆學店的談第一志願科系的,1
 東西,0
 王在議員的表現到底是如何啊,0
 為啥一個不尊重專業的可以嚷嚷講話這,0
 看他質詢普普 在外表現也普普 真心不,0
 麼囂張？ 台灣真的不缺這種人,1
 懂為什麼他能繼續連任,0
 哈哈哈文組被嗆了吧,1
 醫學門外漢挑戰醫學專業阿不就很厲害,1
 辛苦了世堅，這要也能凹,1
 議員水準太低,1
 垃圾,1
 開房堅就是個北七,1
 他以為是ok繃是不是,1
 跟民進黨百分之一萬無關，我是不信啦,0
 民進黨:王世間跟民進黨沒關係,0
 希望王世堅身體健康萬事如意，做這種缺,0
 德事之前應該有想過有天自己會不會用到,0
 小丑王世堅,1
 缺德政客滿街跑，明年還是會看到，智力測驗,1
 每次都過不了,0
 你有樁腳女兒嗎？沒有就閉嘴,1
 鬼娃哪懂醫學,1
 垃圾dpp的豬隊友,1
 就一堆無知不讀書整天質疑專業的,1
 開房間次數太頻繁，GG需要使用葉克膜,1
 文組跟三類戰 可悲,1
 哈哈 又要生七七了,1
 這不就是不尊重專業嗎？,0
 去你的廢物DPP,1
 知道是錯的還講出來？,0
 噁心...,1
 一個正常的醫師選市長，他x的釣出一堆心理,1
 變態。,1
 ？？？不是跟DPP沒關係嗎？怎麼又在打…,0
 那票大概都自以為久病成密醫的臭嘴,1
 真是亂源,1
 開房間只可以騙老人,1
 秀XX 真是不要X,1
 建商跟人談葉克膜的使用?,0
 幹,1
 希望王世堅長命百歲終生都用不到葉克膜,0
 鬼娃開房姦還是去專研跳水比較適合,1
 真蠢去嘴人家專業醫療,1
 政客說醫療,1
 唉，為了選舉,0
 政客應該停下腳步聽聽自己的幹話有多,1
 白癡白癡,1
 以後這些人生病，記得去找名嘴，別,1
 找醫生,0
 笑死 沒讀書在那邊跟別人硬拗 可憐,1
 我絕對不會跟高明的醫師為敵。誰無,0
 生老病死，跟醫師交朋友都來不及了。,0
 笑死鬼娃恰吉,1
 垃圾,1
 所以為啥編預算一定要多編 拼命用完,0
 就是因為有不專業的議員嘛!,1
 乖乖去摩鐵就不會被別人電了,1
 民視ㄧ樣拿這套去說XD  那些反應超好,0
 笑的,0
 阿北太貪心了，每個都想救,0
 小丑,1
 抓到了，葉克膜用不到七年就汰換，浪費公,1
 外行 硬要鬧,1
 帑，叭叭,1
 優質的選民還是會讓開房堅連任的啦！,1
 11/24滅東廠,1
 這樣說跟dpp沒關係?,0
 電爆開房姦,1
 開房堅講保險套我還信 談葉克膜別笑死人,1
 他選區是哪裡的？怎麼會選出這種人啊？該,0
 讓這個選區紅一下,0
 這不是自己找死嗎,0
 洪浩雲 別想洗白,0
 恰吉快回家吧 乖,1
 民進黨不要臉無極限,1
 丟人現眼,1
 DPP操你媽的,1
,0
    https://i.imgur.com/tlRfaLR.jpg,0
,0
 到底誰投這咖的？,1
 難怪柯不相信洪的說法,0
 選這種小丑的人智商到底多高？,1
 就算多用了 扯醫德不好？民進黨真的該倒,1
 真的是夏夕夏景,1
 XDDDDDDDDDDDDDDDDDDDDDDDDDDDDDDDDDDD,0
 請先不要抹黑，再來問柯相不相信,0
 DPP議員也變成醫療專家，抹黑能力很強耶,0
 看一下以前硬碟的價格好嗎！,0
 丟臉,1
 XD. 的確啦。一般人可能搞不懂這個,0
 他只會比那個手勢嗎,0
 王真的北七，以為自己很懂,1
 低能恰吉,1
 笑死,1
 唉...這不就是不尊重專業嗎,1
 法克膜XDD DDD D,1
 我就不相信dpp敢切割王室姦,1
 蔡璧如：這種角色還需要我出手？,1
 笑死,1
 笑話,1
 幹 真的一堆嘴砲 被電活該,1
 原來摩鐵專家也略懂葉克膜,1
 世姦：原來話題不是摩鐵啊？！,1
 在外科醫師面前誒，還是去開房間吧,1
 班門弄斧現代版,1
 白痴間，真的是有夠憨,1
 恰吉跟847很配,1
 他媽的尊重專業很難？開房間跳海專業管三,1
 小醫學,0
 原來世姦不是dpp的耶 一直誤會他了 艘,1
 比開房奸一定沒人能超越,1
 開房間專業不是開房間嗎？,1
 投票給這種人不覺得可恥嗎,1
 DPP最不會惡意抹黑 海珊最不愛打仗,1
 就柯P說的：不讀書、不尊重專業、沒有良,0
 為了打而打,0
 現在都是非醫生的人在談醫療...啥鬼,1
 智障,1
 原來民進黨也沒有什麼下限呢,1
 民進黨一年內動台大兩次 可以死了,1
 DPP沒介入？呵呵。,0
 王世堅下地獄吧,1
 DPP : 和DPP無關,1
 阿奸最喜歡用似是而非資料修理人,1
 反正冥嘴都很懂夜克謨啦 dpp以後快死了,1
 記得都去找這些冥嘴裝囉,1
 DPP 噁心啊,1
 不尊重專業 不讀書 沒良心的垃圾,1
 這些垃圾只是體現了台灣視專業如糞土,1
 的根性,0
 祝你們這些抹黑的垃圾以後不會需要用,1
 到葉克膜,0
 Dpp最不會惡意抹黑了 習大大最民主了,1
 哈哈,0
 懂不懂實證醫學......,0
 沒辦法，綠吱喜歡這一味,1
 你要政治小丑懂醫學專業太難了,1
 笑死XDDD，抹不黑改亂咬葉克膜使用的多,0
 了,0
 名嘴政客嗆全國最懂葉克膜的醫生,0
 再切割啊～洽擠是不是ddp的?,1
 推,0
 笑死,1
 電爛,1
 民進黨最好祈禱他們一輩子都不會用,0
 到葉克膜,0
 廢物,1
 民進黨真的該去死一死了,1
 垃圾DPP,1
 沒專業就不要亂講話 政客就是噁心,1
 攻擊別人的專業是多麼愚蠢的事情,1
 原來世間情也懂葉克膜 厲害,1
 王世堅@一個被從政耽擱的醫學大師,1
 因為不是在質訊台上 不能靠大聲講贏XDD,0
 柯黑最愛的世間情,1
 所以智障56要說王世堅跟DPP其實沒關係嗎,1
 ？,0
 葉克膜是救人的東西 就算用多又如何,0
 開房堅這種咖洨 台灣悲歌,1
 ？表示更多生命被搶救阿,0
 這太牽強了，只會看數據的娃娃,1
 台灣就是有這些敗類，請簽署你不使用葉克膜,1
 急救謝謝,0
 2個人都不喜歡 只能給噓,0
 他只會X樁腳女兒,1
 寄去問洪耀福阿 問他DPP的是在胡說啥,0
 智障6一波,1
 逐漸看懂，這些政論綜藝秀就是基於,1
 對立來獲取收視的,0
 一堆名嘴，這麼厲害先去考醫學系拉，唸搞,1
 沒有對立題材，就自己創造,0
 都唸不太出來了,0
 拿win 10比win95說95廢的概念,0
 真的有夠智障,1
 世間談醫療，搞笑節目嗎？,0
 有夠北七,1
 原來如此開房堅是葉克膜專家啊,1
 DPP再切割啊 操,1
 一堆民代跟律師都變成葉克膜專家,0
 瞎講，權威是專業認證...裝什麼懂？,0
 王：不然我們來聊聊開房間好了,1
 幹 這提供資料的試挖洞給他跳吧 好笑,0
 還好有醫生在 不然洽吉就......,0
 廢到笑,0
 就跟去摩鐵開房間一樣吧？(我魯蛇 人可,1
 以帶幫QQ) 你越跟摩鐵人員熟悉 入住時,0
 後要拿到鑰匙所花費的時間會越來越短。,0
 第一次去跟已是常客的待遇當然不同 你,0
 是摩鐵專家 這樣的邏輯不懂嗎？？,1
 成衣業者一臉「我身旁這個是重度智障嗎,1
 這件事跟民進黨無關 會這樣想的是白痴吧,1
 ？」表情DD,0
 好慘，專門來被電,0
 更正一下 我魯蛇 “沒”人可以帶,0
 有種來比開房間阿,1
 開房堅XDDDDDD,1
 王真是廢到笑,1
 開房堅,1
 恰吉賣業配買多少,1
 恭賀民粹黨正式超越狗民黨，只有更爛,1
 你們這些人，不要需要葉克膜的時候又去,0
 跪醫生,0
 非專業亂講話被打臉了,0
 就說這是民進黨打的還敢切割啊,0
 指控柯活摘器官跟dpp無關 開房堅不是dpp的,1
 真的是文組誤國,1
 恰吉被打臉剛好而已...XD,1
 王世堅到底是誰選的…,0
 蠢,1
 會以為跟民進黨無關的人八成也是智障,1
 白痴就算是個偷吃的醫生 智商也是屌打議員,1
 4姦:有種來比誰幹比較多樁腳的女兒啊,1
 悲哀這種人還是會當選,1
 的,0
 真的很愛亂扯,0
 奇怪 這些名嘴政客還真的以為查查資料,0
 哦，那個外遇醫生，八卦就愛這味,1
 開房間都出來指控了，民進黨還敢說他們是受,1
 害者無關，有人信嗎？,0
 就可以鬼扯這些專業的東西嗎,0
 連葉克膜沒這麼複雜這麼話都屁的出來,1
 白痴不懂專業這種人再選上台灣很悲哀,1
 選這種民代的根本就是智障嘛！,1
 阿姦每次被打臉就那付低能嘴臉,1
 每次被電就一個78臉,1
 台灣聰明人這麼多 怎麼當議員的都腦殘,1
 說個笑話：民進黨跟這次事件無關,1
 真的智障奸,1
 台灣就是被這些沒專業的政客搞爛的,1
 不懂專業又不做功課愛講話，被電剛,0
" 1124滅藍綠,只藍綠就投廢票",1
 好而已,0
 民進黨柯黑太多 還想切割,1
 前陣子名嘴和政客也比建築師懂建築,1
 旅館系的跟醫學系的談醫療？？？,1
 法規和建築圖呢！,0
 裡面有成衣業者 噓一個,0
 文組,1
 這是847那小丑po過的那張資料嗎,1
 笑死 跟醫生辯這個,1
 台灣最聰明的人都在台大醫院，笑,0
 唉，這幾天看名嘴跟醫生的戰爭，覺得現,0
 實真殘酷,0
 真以為自己是葉克膜權威喔~,0
 低能兒,1
 推,0
 這些人到底有多喜歡被洗臉XDDDD,0
 被電爆= =,0
 爽,0
 王就草包啊,1
 這個王世堅每天練笑話ㄐㄧㄡㄏㄠㄌㄜ,1
 嘻嘻 太楊 月亮,0
 這種爛餌也咬 1124XXX,0
 怎麼會有這麼多人妄想評論醫學阿,1
 丑角只會移花接木 被電爆理所當然,1
 是在監督市政還是市長啊==,0
 支持愛吃拉麵的醫生！！,0
 真的覺得台灣很悲哀  這種人竟然能當選,1
 所以洪耀福說打葉克膜跟dpp無關？,0
 格特曼跟民進黨沒關係？議員抹黑都算格,0
 XDDD,0
 特曼的？,0
 1124滅東廠 恰吉這種智商 不忍噓,1
 又不是討論開房，非專業的惦惦好嗎,1
 在關公面前耍大刀 還砍到自己的腳阿,1
 DPP還想切割嗎？當人民白癡嗎？,1
 超丟臉，被電了吧,0
 只會去汽車旅館的議員談醫療?,1
 文組,1
 阿貓阿狗在討論專業問題，丟人現眼,1
 覺青最愛,1
 可以幫他腦子接一下葉克膜嗎,1
 87咖也有人選!悲哀至極!,1
 文組閉嘴,1
 別來沾邊,0
 11/24 打垮民進黨,0
 哈哈亂抹屎被醫生電 丟臉哈哈哈哈,1
 丟人現眼,1
 旁邊朱學恆都一副聽不下去想笑的表情了,0
 ，他還有本事掰,0
 直接戰專業 我傻眼,0
 1124滅東廠,0
 真的醫生不要嗆 你的命在他手上,0
 視殲有夠廢，就算談motel你也輸洪，是還能,1
 嘴什麼,0
 垃圾藍綠，幹！,1
 看到成衣業者就噓,0
 洽吉還是開房間吧！,1
 有種來比開房間次數啊,1
 操弄數據的無知垃圾 搞的選舉用來越臭,1
 再說跟民進黨沒關阿  垃圾黨,1
 垃圾文組真的只會亂扯,1
 看到洽吉被電94爽,1
 完全沒有專業也沒做功課 低能到不行,1
 不意外,0
" 洪耀福:別抹黑民進黨,葛特曼與民進黨無關",0
 不讀書  不相信專業  沒有良心,0
" 無關,然後放任下面的一直抹,X你的DPP",1
 等待器官病人：在這島是不是要被名嘴們害,0
 死嗎？,0
 這智障咖小就是智障柯黑最愛的 雜種,1
 腦與雜種腦的猩猩相惜,1
 宅神在旁一臉諷刺臉= =,0
 自己把球舉得那麼高lol,0
 談ECMP應該要邀請楊憲宏,0
 笑死,1
 小丑,1
 王肯定吃虧啊 跟醫生辯什麼,0
 一心一意只想著抹黑的政客,1
 白吃政課,1
 使用太多不就病人太多 阿不然都不要用,0
 綠色邱疫不意外,1
 一群文組獨吱敗類,1
 智障,1
 自己要在台大醫生前唬爛被電爆剛好而已,0
 一群智障看到這些議員表現還在講跟DPP無關,1
 民進黨: 都和我們無關哦~啾咪,1
 救人還有過多的問題？？？,0
 黨主席還真的跟垃圾馬一樣廢..當好玩的,1
" 政壇小丑阿,越被電越開心,票越多",1
 內行跟外行的差別,0
 真的北七 在醫生目前練肖維,1
 面前*,0
 不懂專業還亂嘴,1
 不上節目沒錢開房間幹樁腳女兒？,1
 去開房間不要選了啦,1
 小丑比較知道汽旅的折扣日吧,1
 他只對hotel有研究而已,1
 幹樁腳女兒很正啊 您們有本事嗎？,1
 就有人喜歡上節目被洗臉勝過開房間,1
 有種對著數學系教授嗆他不會微積分啊,0
 這種只會欠電的咖，滾回家喝奶去吧,1
 在切割啊,0
 好好的去開房間辣幹,1
 他連套數是什麼都不知道吧,1
 DPPer:跟DPP無關，王4監是9.2,1
 只會開房間的垃圾,1
 世間什麼都懂 真是天才,1
 議員想電醫生醫學笑死人了,1
 王世堅是有醫生執照嗎？  亂噴不用負責嗎,0
 哈哈文組哈哈,1
 不讀書 不尊重專業 沒有良心,0
 他不是只會大聲而已嗎？,1
 智障啊,1
 文組的立委可以自己離開嗎,1
 來亂的喔  滾回家養老啦幹,1
 我怎麼覺得洪在反串啊？XD,0
 他是在暗酸在場名嘴活在平行時空吧XD,1
 台灣價值更勝專業啦,0
 他大概對汽車旅館的保險套數量比較清楚而,1
 已,0
 垃圾開房間,1
 唉唉，覺得梁文傑才讓人敬佩,0
 推,0
 不讀書 不尊重專業 沒有良心,1
  ㄉㄠˉ,0
 笑死,1
 他最好都不會用到 真的悲哀,1
 這群垃圾到底..在幹嘛...幹羚羊1124滅藍,1
 綠,0
 手機每年都不知道換幾個版本了 腦袋,1
 還在嗎,0
 綠營的都是廢 只想鬥嘴,1
 名嘴都是葉克膜大師，質疑專業醫生,1
 自取其辱,0
 這樣再說活摘事件跟綠營沒關係啊,0
 回去開房間啦,1
 誰選出王世堅的 ....看了就煩,1
 北七，悲情,1
 在醫師面前說這些,0
 煩死了 讓這些言論免責的人太自由了吧 所,0
 以他是代表選出他的人說話吧  看來也是台,1
 灣民主制度不成熟 才會選出這種人,1
 原來臉大是被打腫的。,1
 沒良知的小丑,1
 資退黨選舉選到泯滅人性啦,1
 - 倒底是那些廢物，選出這樣的水準 -,1
 秀下限,1
 有本事比開房間啊！,1
 世姦上摩鐵都在讀葉克膜的書嗎,1
 怒幹樁腳女兒,1
 外行嗆行家 笑死,1
 開房堅今年還能連任的話 代表智障還很多,1
 都用表面數據來鬥爭阿…,0
 成衣業者在旁邊跩屁跩喔XD,0
 他們其實可以相約開房，討論一下葉克膜,1
 比開房間的品質 也是開房間本人被屌打ㄅ,1
 低能，除了擺平樁腳女兒，出軌沒什麼,1
 貢獻,0
 廢到笑,0
 還好有洪浩雲，不然白的又要說成黑的,0
 一個立委跟智障一樣，難怪台灣會被搞,1
 爛,1
 低能立委,1
 他腦子肯定需要裝一台葉克膜,1
 嘔嘔嘔嘔嘔嘔,0
 關公面前耍大刀XDDD,0
 開房堅：不來看看誰是開放間的專業阿幹,1
 果然是政客，只會看數據。學校評鑑如,1
 此，連攸關生命的事亦是如此,0
 有毛病才去挑戰專業,1
 你不要講那種小兒科啦！,1
 笑死,1
 哈哈柯黑真的丟臉,1
 柯黑無恥全是因為低智商不專業又愛胡扯,1
 他媽的救命的東西 你說多花幾億,1
 王室監你要看這些人死而不給付嗎,1
 沒人性,1
 不懂的東西硬要爆，還在專業面前講…,1
 被打臉只是剛好,1
 打得好,0
 低能政府,1
 幹你媽的用民進黨黨產好嗎,1
 RIP,0
 幹,1
 覺得捐得好自然會投你,0
 捐這個沒什麼問題吧 我們跟印尼又不交惡,0
 幹,1
 R.I.P.,0
 大撒幣！,1
 捐個十萬鎂意思一下就好了好嗎,1
 我真的覺得有推文機器人,0
 RIP 印尼很多外勞在台灣工作的,0
 幹，亂搞,1
 印尼加油,0
 以後麻煩限定有邦交的再捐 熱臉亂貼,1
 當年四川地震如果只捐百萬鎂會怎麼樣?,1
 肛死英鮑,1
 照樓樓上的邏輯 台灣如果大地震死傷慘重,0
  就沒有人要捐錢給台灣了吧,0
 推，比給一堆沒用的小國好,1
 還好吧 才一百萬美金...非洲邦交都要求幾,0
 十億,0
 印尼總統在二月花蓮地震也有捐十萬鎂給台,0
" 人道問題,還好啦,不過真的很慘",0
 灣 同樣在地震帶上 多一點同理心比較好吧,0
 Ok，比川震好多了,0
 還好啦 人道救援  話說瓷器呢,0
 記得南亞大海嘯時，印尼如何對台灣的,0
 支那大概會趁機放高利貸吧  ~,1
 台灣去年才鬧過 全球唯一捐給美國的笑話,0
 沒必要,0
 不是支那都還能接受,1
 南亞海嘯，印尼對台灣怎麼樣嗎?,0
 之後捐款金額合併列入中國的可能性有87%,0
 垃圾國,1
 中國那麼垃圾我們都捐錢了,1
 印尼有建交嗎？幹你老師 教自己國家人台,1
 印尼勞工應該是最多吧 合理,0
 樓上說的好 都捐中國了 還有什麼不能捐?,0
 今年八月也才剛捐給印尼25w 提款機來著?,1
 灣人是中國人再順便排華,1
 捐給印尼百萬鎂就當回饋給台灣印尼外勞,0
 推,0
 一個國家公開種族歧視你欸,1
 中國公開要侵略台灣，台灣還反捐70幾億,0
 印尼勞工看護在台也有數十萬 幫台灣也不少,0
 八月是龍目島大地震 也是死傷慘重,0
 印尼外勞起碼對台灣還有點貢獻,0
  幫點小忙還好 總比捐了拿去做飛彈好,0
 才捐一點點沒什麼問題,0
 蔡英文就愛到處捐錢啊,1
 所以一個國家叫自己學生種族歧視？,1
 捐給印尼總好過捐給要侵略台灣的中國,0
 不要捐垃圾中國就好,1
 可以啦 印尼幫台灣處死很多販毒運毒的,1
 只會再那瞎扯中國 台灣勞工對台灣貢獻更,0
 這些垃圾在台灣只會爽做幾年牢就放出去,1
 大,0
 印尼拿了這些錢，最少不會買飛彈打台灣,1
 基於很多勞工朋友來 不為過,0
 台灣有2300萬人對台灣貢獻居然輸10萬歧,0
 還好啦，這個對要南向也有幫助,0
 視的印尼人,0
 不爽的話可以去幫忙推老人阿 無聊,1
 台灣勞工沒有台灣價值 意外嗎,0
 一堆無恥的中國豬，捐一點算什麼,1
 印尼有給免簽~給推,0
 20萬>2300萬 種族歧視還雙重標準,0
 當初KMT捐錢給中國有想過台灣的勞工嗎?,0
 比給一堆鳥屎大邦交國好多了,1
 印尼來台做底層工作 不爽你來做啊 請她們,0
 印尼有他國內的問題 但他們人民來台灣做,0
 應該的,0
 推輪椅是歧視你家老人嗎？怎麼不自己推?,1
 了很多一般台灣人不願意做的工作 覺得沒,0
 有必要對他們這麼仇視,0
 而且KMT那時還一口氣捐了20億台幣,0
 自己打臉自己邏輯幹嘛？,0
 印尼人在台灣的產值應該是遠遠超過這個,0
 數字啦,0
 kmt做的事跟印尼沒有關聯啊,0
 捐給印尼才3000萬台幣不知道在叫什麼鬼,0
 台灣一堆印尼外勞 捐這個沒有問題,0
 支持 台灣的印尼人不少 也對台灣有很大幫助,0
 可以,0
 打水漂,0
 想想你在上班賺錢的時候 是誰在顧你爸媽,0
 真的不能不再推一次,0
 捐給中國70幾億 結果買飛彈對準台灣人,0
 才3000萬，屏東半個活動就沒了，小錢,0
 南部淹死沒錢管,1
 比起四川大地震送錢給敵人買武器好多,1
 捐給支那川震才是浪費,1
 這還好啦，小錢，而且印尼蠻多人在,0
 台灣工作幫忙呀,0
 自己人都快烙賽還在灑錢給親共的 草,1
 三千萬才多少 都那麼慘了給點幫助啊,0
 推,0
 新南向,0
 推,0
 高調，希望大家多關心這件事…,0
 是該捐,0
 外交款項阿 哪裡有問題,0
 支持政府作對的事情,0
 幹,1
 捐三千萬國家對國家真的還好,0
  三千萬還好 死了快一千五百人,0
 當作一個白包慰問的意思而已,0
  平均一個才兩萬,0
 捐太少,0
 支那人閉嘴，捐給川震的才叫浪費,1
 應該捐物資多少會送到災你那邊捐錢的話我,0
 看全部都被 官員貪汙,1
 新南向政策，挺移工，捐錢正常啊,0
 噓的是多可悲？3000萬台幣人道關懷而已,1
 也在該該叫,0
 敵國地震都捐幾十億了 何況印尼有多少勞工,0
 三千萬對政府來說就跟一般民眾花三百,0
 替台灣人工作,0
 塊一樣,0
 大灑幣  垃圾政府黔驢技窮,1
 謝謝印尼人在台灣幫助台灣人,0
 捐三千萬給印尼 人道救助 也要罵???,0
 拜託 印尼多少人在台灣工作+看護...,0
 然後算進中國的扣打內？,0
 斷交那些 省下來的錢 還好阿,0
 台灣一人捐一塊多就差不多三千萬了 還好,0
 吧,0
 會不會有點多? @@ 好吧，人道,0
 希望印尼能不要刺台灣一刀就好,0
 幹,1
 他媽不先幫助國內，還當凱子捐錢？,1
" 我覺得ok, 人道救援",0
 k黨工大舉入侵,0
 比捐給強國好多了,0
 謝謝印尼人來臺灣工作,0
 捐這ok,0
 沒捐給9.2都是浪費錢,1
 不是捐給敵國支那 都可接受,1
 斷交省了好幾億  三千萬還OK吧,0
 靠杯的都是9.2,1
 捐這個好吧  又不是智障會捐錢給敵國,1
 都是捐錢怎麼捐給日本跟捐給印尼大家態,0
 不是捐給中國哪裡都好,0
 很好，印尼人很多來台工作的,0
 可以啦，好歹不交惡又一堆外籍朋友,0
 人家地震又海嘯 救急給推,0
 太多了,0
 錢多4ni,0
 印尼可以接受,0
 還好 印尼除了勞工輸出，也蠻多國際公司,0
 推,0
 設廠，這筆救援的蠻正確的吧,0
 媽的印尼當年排華殺了多少台灣人，捐給,1
 他們衝三小？,1
 推！,0
 能起到幫助的話捐這個不浪費,0
 浪費,0
 印尼排華，不過印尼也不少華人，人道立場,0
 捐這樣算很少,0
 不知道執政黨可以從中撈多少,0
 覺得 ok,0
 這筆錢他們會用在台灣人身上？一個把煽,0
 動排華的人升官的國家，會救助華人？檢,0
 調還說拿一般侵犯案件辦比較方便的國家,1
 ，錢不被貪就不錯了，而且他們殺的不只,1
 是26，還有台灣人！,0
 那麼多人,0
 蛤 印尼不是蠻多勞工在我們這忙嗎 捐,0
 個錢幫一下還行吧,0
 怎麼不來捐助我....,0
 台灣照護移工非常多印尼籍，單純人道援助,0
 可以接受，謝謝平日對長輩們的照料,0
 人家姦殺我同胞，我捐錢幫他？抱歉我不,1
 是聖人，我永遠不可能同意,1
 為什麼要捐 那些國家跟我們有邦交嗎？幫過,0
 我們什麼？,0
 排華屠殺是真的，台灣印尼籍照護工多也是,0
 RIP,0
 真的，有種就死不請外勞請本國籍的，一個,0
 月就兩倍薪資而已,0
 之前年改就一堆退休人員在罵以後請不起外,0
 勞了,0
 捐支那才是浪費 捐印尼還好 才這麼一點,1
 熱臉貼冷屁股…,0
 南無阿彌陀佛,0
 天佑印尼,0
 30M還行 給推,0
 請過印尼偷錢看護,0
 捐三小 幹,1
 真愛打腫臉充胖子， 政府是錢多到可以做,0
 灑幣外交是不是？ 我們重災他們有幫忙過,0
 社會底層的酸民根本不會懂什麼是政治,1
 跟經濟效益，也不會懂整個社會供需運,1
 作，只會整天靠北靠母，耍廢不上進，,1
 難怪永遠當底層,1
 人溺己溺。阿彌陀佛,0
 雙方友好個屁,1
 捐印尼真的比捐支那好很多,1
 新南向,0
 捐這個應該   有些樓很明顯有問題 故意,0
 印尼看護對台灣社會很有貢獻，這個捐款,0
 很合理阿，比捐給對岸買飛彈好多了,0
 1600...印尼加油,0
 還行啦,0
 不要捐給乞丐黑人國貪汙或支那 我沒意見,1
 要不要先關懷一下你台灣的可悲低薪,1
 支持,0
 這個可以,0
 肯定會被上層A光...,0
 只希望全數用在災民和重建上,0
 我覺得還好,0
 幹,1
 我覺得還是丟水溝,1
 三千萬給國內是要幫助殺小？你家有死人,1
 ？被海沖走？,0
 人道救援，有理智一點,0
 災難有夠多的地方...好可憐,0
 比起捐給不知感恩還拿飛彈對著我們的某個,0
 地方 這是ok的,0
 捐太少，台灣一個人捐不到兩塊，印尼,0
 對台灣的貢獻功不可沒,0
 才捐一百萬，他媽捐太少了吧,0
 印尼人在台灣這麼多人,0
 人道關懷推一個,0
 捐給垃圾幹嘛，多死一點很好啊,1
 就人道關懷啊,0
 說人家垃圾的自己應該…嗯…,1
 先救台灣人好嗎,0
 捐得好 這樣才知道 當初幫印尼建國的人,0
 陳智雄 被中國民國殺了,0
 留言一堆 ROCHIN 粉 在跳腳 跟D能一樣,1
 真的有推文機器人？只給人捐川震的？,0
 100萬還OK,0
 印尼加油,0
 小錢 而且不是捐中國,0
 我們的政府很有錢……,0
 都是太平洋地震海嘯的國家，捐一下ok,0
 啦,0
 對敵人都捐幾十億買武器了，還好吧！,0
 菜你媽的狗娘養大的垃圾操,1
 結果新聞台都沒怎麼報印尼災情,0
 某些噓文真噁心  不過剛好可以拿來加黑名單,1
 捐給川震的根本就被支那政府吃掉 幹你娘,1
 捐給印尼有啥問題？外勞對我們也有所貢,0
 獻,0
 人家印傭也照顧很多台灣阿公阿罵,0
 印尼排華不排台，台印一家親,0
 空心蔡大灑幣,1
 推啊 有啥問題,0
 一百萬鎂超少吧 前幾樓這麼崩潰喔 支持,0
 早就有的預算 發個白包也在靠背,0
 嗯 是該捐個給印尼,0
 捐印尼 而且才一百萬 怎樣都比給中國好,0
 我猜一堆黨工在反串，這種錢,0
 本來就該捐。,0
 很多外勞在台灣工作，這是應該的,0
 捐太少+1，印尼是台灣外傭的主要國家,0
 就算用功利角度出發，看到台灣對他們的母,0
 國好，他們也會對照顧的人好,0
 總比捐給支那用來買飛彈打台灣好多了,1
 想想看當初川震捐了多少億？區區幾千萬就,0
 在那邊跳腳，支那人真的不要臉到極點,1
 我還以為台灣政府沒錢,0
 做善事給推,0
 討厭印尼的 先祝你自己或親朋好友一輩子不,0
 會請印傭照顧你喔,0
 這麼做沒錯吧,0
 支持,0
 印尼加油,0
 前幾樓嘴超臭,1
 支持,0
 支持,0
 印傭好用 台印友好,0
 支那9.2嘴巴臭 捐支那買飛彈炸9.2？,1
 基本上來說這沒問題，支持~,0
 一堆仇恨言論的是不是對岸游過來的五毛？,1
 才一百萬鎂還好啦,0
 支持,0
 台灣如有難 印尼會幫嗎,0
 不是很喜歡印尼，但救援這件事我支持!,0
 幹,1
 這有什麼問題嗎,0
 台灣不是不能捐，要嘛沙烏地阿拉伯,0
 捐更多，因為沙國是回教國家老大哥,0
 沙國當初還幫印尼蓋清真寺，,0
 推,0
 而且還吸引印尼人留學沙國學習古蘭經,0
 捐太少,0
 台灣人超虛偽，法國恐攻死100多人，一堆人,1
 就弱智跟風換上法國國旗還在那邊Pray for,1
 推 這次真的很嚴重,0
  Paris，印尼地震外加海嘯死幾千人，台灣,0
 救災捐錢沒啥問題 噓的人是多沒人性？,0
 人關心的沒幾個人，台灣最美的風景每次看,0
 到這幾個字都想笑!!!,0
 補推回來,0
 9.2黨工連人道救援都要帶風向 噁爛,1
 好幾個五毛一直跳針印尼排華很可惡,1
 中國惡行被全世界排斥簡直超活該,1
 捐給印尼還行啦  只希望他們可以對我們友,0
 善,0
 台印友好，印尼加油！,0
 這背骨國家不值得幫,1
 一群五毛淨出臭嘴帶風向，中國人在全世,1
 界像蟑螂令人討厭！,0
 印尼加油,0
 捐給中國我不行 但其他國我覺得可以,0
 別捐給中國 那些錢捐其他國家可以捐好幾年,0
 人道救援有什麼問題 又不是捐給玻璃大,0
 國,0
 很ok,0
 印尼加油！,0
 至少人家不會挪用捐款買飛彈對著你,0
 只要不是捐給中國就可以,1
 比捐給支那好多了,1
 有邦交嗎?,0
 其實三千萬真的沒有很多 就聊表心意吧,0
 捐給那種比台灣更落後的國家也只會被,0
 貪走,0
 幹印尼那種垃圾國家是在捐什麼錢,1
 都忘記印尼的排華運動了嗎,0
 反對！台灣那麼多生活不下去的人該先救助！,1
 小道消息 這死亡人數遠比公布的多,0
 因為很多人都是被活埋的 挖出來還要時間,0
 印勞對台灣底層人力貢獻不少，三千萬,0
 新台幣不算多吧！,0
 不要在多捐了,0
 而且以前印尼還替台灣的老潛艦弄到魚,0
 雷。,0
 合理的金額啦…,0
 同是在地震帶國家 互相援助是應該的 何況,0
 台灣震災 印尼也有捐給台灣呀,0
 支持,0
 這個還可以,0
 台灣必須要跟鄰居好好相處，除了惡鄰外,0
 可,0
 資源真的有辦法分配到災民嗎？,0
 合理金額,0
 總比捐給某國買飛彈對自己好,0
 推,0
 印尼多少勞工來台啊，捐這很外交啊,0
 錢捐給習大大餵豬就沒問題,1
 其實不算多,0
 支持,0
 在台灣很多幫忙照顧家中長輩的都是印尼朋,0
 友，印尼也沒拿飛彈對台灣，發生這麼嚴重,0
 的傷亡，或多或少是一定要幫忙的!,0
 這跟本不多,0
 印尼加油,0
 這很正常 數目也不多 發文的帶風向被打臉,0
 居然會認為台灣政府100萬美算多,0
 可憐的原PO 想必是22K到現在十年了,0
 川震都捐了多少...這真的少了,0
 推,0
 幹你馬勒 亂撒錢,1
 有建交才能捐錢的話 ，當初捐給中國是 ？,0
 這錢不算多 OK,0
 p,0
 我有捐也 Ya ya 不然要捐給中國做飛彈嗎,0
 人道問題,0
 ok啦 希望印尼真的拿去好好輔助災民,0
 救急給推,0
 推,0
 館長:,0
 才3000萬也一堆低能在那邊該,1
 噓備註,0
 推,0
 低能9.2要不要去看馬英九捐給中國多少,1
 捐錢這個還是得推，只要不是給匪區就好,0
 這點小錢台灣給得起啦,0
 浪費錢,0
 笑死 一堆人嘴砲說印尼排華 怎麼不去總統,1
 府抗議印尼排華沒有原諒？,1
 這跟228事件一樣 沒有原諒 直到逼政府要新,1
 增紀念日,0
 推,0
 才100萬就在叫，當年川震捐給敵國更多勒,0
 有種每年的5月13號去抗議印尼政府 不要在,0
 這裡打嘴砲,0
 推,0
 人道救援有啥好酸的,0
 推,0
 排華的前因後果 誰促成的都搞不清楚,0
 依照行情來看捐太多了 其他國家有捐那,0
 推,0
 海盜國家,1
 百萬美元 台北市買間房裝潢一下差不多,0
 操你媽3000萬拿去台灣偏鄉或低收入戶,1
 或給我都比捐給落後國家或非邦交國好,1
 啦幹,1
 都捐給中國了還有哪裡不能捐,0
 台灣凱成這樣 國際現實還是不會變啦,0
 太盤啦,0
 該捐的捐百萬 結果幾十億拿去非洲大撒幣,0
 這樣搞以後會捐不完,0
 環太平洋火山帶最近正活躍,0
 印尼是鄰國 捐一下沒問題吧,0
 一直捐錢給日本這種有錢國家才奇怪,0
 印尼：感謝支那幫忙,1
 部分台灣人嘴臉真可悲,1
 捐這沒問題呀,0
 面對災難 不分什麼人種 給推!,0
 川震才叫肉包子打狗,0
 捐這個沒什麼問題吧？噓個屁啊,1
 很好啊 願意幫印尼人,0
 天災捐錢我覺得Ok啊 又不是亂撒錢,0
 捐誰捐多少隨便 全世界就他媽的中國不該捐,1
 錢給中國 比丟到水溝還糟糕!,0
 有台人受困嗎別在酸了,0
 我們政府很有錢唷,0
 這次南韓捐了6000萬台幣 與印尼惡交,0
 的澳洲也捐了1億台幣 上次花蓮地震印,0
 尼也為台捐了20萬鎂,0
 同是地震帶國家 基於人道救援 互相,0
 總比捐給對岸製造飛彈好,0
 幫助不為過吧,0
 推文有些人真的沒救了,1
 一百萬美金對政府預算來說也不算什,0
 麼 比不上貪污的萬分之一 賞給國外貪,0
 官吧,0
 一堆9.25毛為了噓而噓為了罵而罵XD,1
 錢是多少啦,0
 上面一堆說幹話的，真的人一綠腦堪慮,1
 ，人什麼叫總比捐給中國製飛彈好，,0
 什麼叫一百萬鎂在國家預算還算小錢，,0
" 趕羚羊，自家國民不照顧，拿去大傻B,",1
 講3小雞魚人道救援，禮尚往來再來說,1
 肯幫忙都是好事，結果南部沒錢？！,0
 一百萬美還好吧！印尼勞工被仲介坑了多少，,0
 回饋一點不為過,0
 捐這個很合理，比起捐給玻璃國好多了,0
 這個捐的算合理,0
 幹，一個全世界都不敢承認你是國家的,1
 小島，一定要每次都這樣當火山孝子嗎,1
 川震捐70億怎麼沒看到9.2來吠,1
 人道救援也能崩成這哦…,0
 前面瘋狂想帶風向ㄎㄎ,0
 如果捐給支那的話那真的太多了,1
 噓的人完全沒有人情事故，麻木,0
 天佑印尼,0
 這也一堆人崩潰是怎樣,0
 推,0
 人道救援有甚麼好噓的zz 一堆低能,1
 只要不捐支那我都沒意見,0
 比起金援外交，這件事值得多了,0
 人家承認台灣政府嗎,0
 真的是太慘了,0
 黨工上班？,0
 台南高雄受災戶表示 : 幹!!!!!!!!!,0
 不是支那，支持。,1
 對唯一敵國支那都能捐了 這只是小錢,1
" 又浪費錢了,都進權貴口袋了吧",0
 這種嚴重天災，支援一下沒啥好酸的吧,0
 不知道在崩潰甚麼,0
 台灣很多老人都印尼朋友照顧的,0
 重大天災幫忙一下 很可以啊,0
 支持!印尼加油!,0
 前幾樓真的是被滲透嚴重,0
 台灣只能靠捐錢刷存在,1
 100w鎂是真的是很少的錢 捐的很好 適當,0
 表達關心,0
 只要不是捐支那 3億也沒差,1
 灑錢外交 南下政策 把外勞當成神明在養,0
  把勞工當成賤民,1
 捐支那才是浪費  還買飛彈想打台灣  忘恩負,1
 義的畜牲就是支那！,1
 五毛超多,1
 比起一些低能給中國錢送中國技術的好多,1
 多少幫一下,0
 這種捐款不算大灑幣吧?1600人欸,0
" 柯藍粉7PUPU,不是柯P捐的都大灑幣",0
,0
 還好吧  算實質外交,0
 奇怪了捐錢賑災也有反對是怎樣，而且,0
 金額不大,0
 不是邦交國,0
 這ok,0
 推,0
 草 問過我了嗎？,1
 DPP太低估柯粉了,0
 1124滅東廠 票投國民黨,1
 馬迷閉嘴啦,1
 中肯,0
 深綠丁粉 不是綠營政論自己號召的嗎,1
 有第三黨當然投第三黨,0
 dpp一堆名嘴立委覺得柯粉還不成氣候,1
 漂白大使  黃暐翰,1
 實在沒辦法才投kmt,0
 到底不投綠=投藍是三小,1
 柯粉:1124滅東廠 kmt復屁 結論就1個中國,1
 1124滅東廠,1
 1124還阿北公道,0
 看假新聞跟著放炮的 馬迷,1
" 年底刺激了,完全執政會慘敗嗎?",0
 期待蔡英文賴清德陳菊阿扁選前一跪,0
 柯粉:投第3不投綠  沒第3投不會投kmt?,0
 這隻的講法就是白痴9.2最希望的結果,1
 馬迷,1
 可惜 有夢最美 慢慢作夢吧,1
 憤怒小雞,1
" taso會怕帶風向是沒用的,還不如多勸民進黨",0
 你們跟KMT一起去死吧,1
 1124滅你媽,1
 在選舉前不要再造謠抹黑,1
 垃圾DPP,1
 老實說我覺得真柯粉智力沒那麼低啦,0
                            1124滅你媽,1
 假新聞的幫手 還有臉,1
 所以第3是要投誰??,0
 DPP跟4年前KMT一樣 狂秀下限,1
 整件事很明顯 就9.2假柯粉一直要把整個,1
 1124滅東廠 選票集中國民黨,1
 DPP都連結到仇柯,1
 年底就知道到底是柯P贏還是DPP贏^^,0
 1124滅東廠,1
 馬迷胡說八道害死駐日外交官,1
 不一定歐 連造謠新聞都可能相信了,0
 整個過程中 其實民進黨除了那幾個柯黑,1
 先對執迷不悟的民進黨柯黑祭斬惡劍到數49天,1
 https://goo.gl/7AokX1,0
 綠吱就盡量消毒沒關係XD,1
 1124二岸一家親 迎中國集中營,1
 沒關係啦 柯粉都是9.2 別怕別怕,1
 大致上表現都算中立甚至幫柯說話,0
 https://i.imgur.com/jDwZtrS.jpg,0
 總統府和行政院長和衛福部長都出來說話,0
 我看1124滅東廠=票投國民黨了 還第3咧,1
 柯粉慌了 柯粉怕了,0
 不投國民黨根本沒資格當柯粉,0
 還有近50天，到時早就忘了,0
 阿災！死人公投連署破壞直接民主大概能,1
 這樣還可以把整個DPP連結到仇柯 是把人當,1
 當飯吃…,0
 幹 講到死人連屬就很好笑 死人也會連屬,1
 白痴 其實 各地候選人 都是民進黨的比較,1
 丁柯差距越來越近了阿 再加上反串的柯粉,0
 優秀 我是覺得真柯粉應該會有足夠的智力,0
 歸隊 到時候怕會不會下一跳,0
 這篇綠吱大出沒 看來很怕XD,1
 全面執政過太爽 懲罰一下錯了嗎,0
 看出才當選對當地對台灣才是好事,0
 蠢吱護主燃燒殆盡在所不惜 可敬可佩！,1
 綠吱慢慢取暖 年底見真章^^,1
 以高雄而言 陳其邁不管是能力或政策,0
 都相當優秀,0
 我也等著1124滅東廠了,1
 原來是其邁粉 南部人不意外 XD,1
 馬尾漢只差沒跪求柯P去舉韓國瑜的手，,0
 不過也不是不可能啊！柯P都笑記者從三,0
 立去TVBS馬上連講話 口氣都不一樣了…,0
 不用柯粉，有正常腦子的人都知道你DPP,1
 糞奴柯粉,1
 抹得跟四年前KMT一樣開心,1
 1124滅東廠，共襄盛舉,1
 柯偉瀚大腿抱好抱滿,0
 蚊子地圖炮阿 問co綠高層有line他罵姚嗎,1
 這篇再轉貼中南部.看看這些民進黨柯黑,0
 不用扯到柯，光這兩年下來火都大了，年底,0
 要來個無差別打綠畜,1
 傻了才投藍綠,1
 綠粉別怪柯粉 要就怪你們家的高層推姚文智,1
 馬英九再起3貴人，小英、柯P、國民黨化,0
 的民進黨…,0
 就說很多深藍蚵粉阿~,1
 1124滅東廠，你管我投誰,0
 民進黨:不爽不要投,0
 寧願投黑道也要給資進黨一個教訓,1
 敵人的敵人...唉，自業自得...,0
 9.2最後還不是含屌投丁 別搞笑了,1
 說得沒錯，這結果是民進黨自己求來的,0
 滅東廠，你管我投誰,1
 連黑道都挺 讚,0
 推姚文智打柯根本就是智障行為 敢出來開戰還,1
 怕損血喔 XD,0
 姚文智就硬要選阿,1
 業力引爆,0
 深藍科粉 最後還不是歸位投丁,0
 不過看他的發言 其實沒啥攻擊力,0
 系賀 幹你娘垃圾黨政見反著做還到處鬥爭,1
 輸贏不是問題 為了贏舔中國屌 噁心,1
 中肯啊.dpp的業力也該爆了,0
 批著柯粉的藍粉的憤怒,1
 廢物藍支跟柯粉,1
 柯P二岸一家親 喜迎台北集中營,0
 國民黨年底躺著選啦,0
 以後只投給DPP的對手 幹幹幹再騙啊,1
 Dpp就有人說不爽不要投啊,1
 如果只是顆粉，是不可能改投k黨。死不檢,1
 柯粉:1124滅東廠=票投KMT,1
 吳秉叡：不爽不要投,1
 有影響 但也別過度膨脹了 四年前年青,0
 討自己的資進黨、民進洞，還真以為可以靠,1
 人帶頭 但憤怒的不只有年輕的世代 而,0
 看來民進黨只配這種無腦扣帽的粉絲 ZD,1
 罵KMT罵一輩子？,0
 且當時的訴求有他的高度在 今年只是因,0
 為選舉挺不挺柯 外溢效果有 但不會像,0
 投國民黨？？？,0
 四年前,0
 我這次也想投KMT惹,0
 我高雄就投KMT 氣死綠吱 來互相傷害啊,1
 狗嘴吐不出象牙就開始狂抹 笑死人 XD,1
 柯粉60%都9.2 最後還是含屌投丁,1
 1124滅東廠,1
 東廠太監最後也是投丁啊 跟9.2有啥兩樣,1
 非藍即綠 天命如此 無話可說,0
 1124滅東廠,1
 沒差 繼續1124也是讓丁守中當選 等看笑話,0
 沒錯 真的是這樣,0
 吳秉叡：不爽不要投 段宜康：靠北三,0
 絕對不投丁 一輩子不投國民黨,0
 滅東廠,1
 說真的蔡英文2020不用選了,0
 還在以為柯粉是空氣票啊 年底等著看,0
 馬迷高潮了,1
 不爽不要投,0
 幹你娘我台南的，高思博我也投得下去拉,1
 洗到全家都不投民進黨還蠻簡單的,0
 1124滅你媽,1
 1124滅東廠,1
 1124滅東廠,1
 尚書大人,0
 1124滅東廠 2020換母豬,1
 中時看看笑笑就好了，狗黨想沾光,1
 同意 我就投肚爛票啦 1124滅東廠,1
 對，不想投DPP，但KMT也是不可能的選擇。,0
 https://imgur.com/gallery/ZvRoLMo,0
 柯粉是有多少啦,0
 母豬蔡下台以前 絕對不投DPP,1
 話說中國共產黨本來是扶植親共勢力和親,0
 共政權最省力，而且現在中美貿易戰，更,0
 投KMT？我寧願投第三勢力,0
 1124滅東廠救台灣醫事,1
 還有新毒瘤那群人在 也不投DPP,1
 要加大力道干擾台灣選舉，進一步消弱親,0
 全台柯粉不知道有多少，為了這選不上,0
 柯黑是器官被活摘了嗎？柯粉60%是9.2，2014,1
 美政權…,0
 連勝文會輸20萬票喔,0
 死也不可能改投國民黨啦 以為最近洗白了嗎,0
 白癡才以為冥進洞沒打柯,1
 我就是度爛票,0
 花名冊 嘿嘿嘿,0
 改投國民黨？,0
 新毒瘤就是最垃圾的一塊,1
 搞笑  是每個縣市都有柯可以選是嗎,0
 綠粉會嗆難道要投KMT,0
 4年前投柯的 現在還會投? 有多少%,0
 我是覺得4年中腎文的40%會剩多少呢,0
 早就說過柯粉就是9.2+5毛集合體,1
 所以如果柯P這麼早做結盟動作，一來韓,0
 國瑜道心不堅，二來要賭大的棄丁保柯破,0
 反正1124滅東廠 最後獲益的就是KMT,0
 百萬真的成為最大尾…,0
 #1124滅東廠 高雄柯p改變成真,1
 垃圾不分藍綠啦,1
 柯粉一直相信台北藍大於綠 然後又不,0
 7.77垃圾DPP粉 以外 都是9.2,1
 不承認柯粉很高比率是9.2 有邏輯?,1
" 甭廢話, 年底見真章",0
 我寧願讓KMT獲益 也不爽讓DPP獲益,1
 就說7.77以外 都是9.2,1
 兩個都免想要拿我的票,0
 以為大家都白癡 一輩子死忠挺爛黨DPP?,1
" 現在DPP打器捐, 他媽的噁爛",1
 垃圾就該受到制裁 還想繼獲取政治權力?,1
" 但別忘了, 四年前是哪個黨拿器捐來打的?",0
 這次是一定不可能投DPP的 但也絕不可能,0
 蠢到去投KMT這顆毒瘤,1
 民進黨獨派為反中仇中根本失去理性 居然帶,1
 馬迷變柯粉了,0
 個老外騙子來欺負台灣欺負台灣人,1
 狗報+殺人犯,1
" 兩黨都拿器捐打過柯啦, 以為四年就忘了?",0
 中時就想藉這議題 偷替KMT撈點票,1
 我柯粉我嬌傲,0
" 只是DPP更噁爛罷了, 但不代表KMT比較好",1
 驕傲,0
 已經是為了仇中把台灣送去讓老外佔便宜他,1
 活該，誰叫DPP要爛硬吵,1
 們也無所謂  說好的愛台呢？,0
 不是柯粉也怒了,0
 可惜啊 時代力量除了黃國昌 其他的根本,0
 這老外根本就是欺負台灣欺負台灣人  獨派,0
" DPP很噁, 所以要投KMT ?  笑www死www我",1
 被DPP收編 只能投KMT 還能怎樣,0
 無所謂 他們只想選舉 反中 發洩仇恨而已,1
 KMT上次拿來打沒用 這次不敢跟 島是DPP,0
 讓KMT跟DPP互相制衡啊 馬的,0
 中肯！1124滅東廠！,1
 上次護航到極致 這次卻說柯P活摘器官,0
 再講一次,0
 毒派的腦袋是被柯P活摘了吧,1
" 兩黨都拿器捐打過柯啦, 以為四年就忘了?",0
" DPP很噁, 所以要投KMT ?  笑www死www我",1
 不擇手段。跟失去理性的極端份子快沒兩樣,0
 所以說 DPP跟毒派是在挺活摘器官的敗類,1
 投廢票也比投藍綠好！,0
 KMT爛 還不敢爛到這地步,1
 為了一個本來就上不了的台北搞爛所以地方，,0
 廢,1
 因為KMT很垃圾 但是DPP更垃圾,1
 死人連屬還不夠爛喔XD,1
 DPP禍害更大,1
 如果柯P組黨 甲賽力量就泡沫化了,0
" 扁9/20 : ""沒有證據說柯有做 也沒有",0
 手段骯髒程度民進黨真是青出於藍呀,1
 1124滅東廠,1
" 證據說他沒有"" 現在大概就4這樣 會講",0
 出這句幹話 是有他的意義的,0
 1124滅東廠  挺習皇,1
 噓這個英九記者,1
 KMT下去啦乾,1
 很氣，但不會投國民黨,0
 1124廠公失業潮 開催!!!,1
 鬼扯，會支持柯的最好會接受KMT，DP,0
 沒有第三個政黨可以投嗎?,0
 1124滅東廠,1
 可惜裝睡的DPP叫不醒,0
 滅東廠 護黨產,1
 P或KMT有什麼不同?,0
 只怕覺青連甲賽力量都投不下去了,1
 中間理性de 馬迷,1
" 投自己想投的吧, 投KMT只是讓他們輪流上",0
 政黨輪替，輪到教得乖,0
 名嘴能上電視只是單純他在北部好敲通告,0
" 是不可能投國民黨啦,但這十年應該也不會",0
 並沒有好嗎？我大DPP充滿價值將執政20年,0
 不是他有多厲害見識多行,0
" 輪個屁, 下班還不是一起去吃飯",0
 投民進黨,0
 滅東廠，票投kmt,1
 看中豕想帶風向 ㄎㄎ,1
 誰跟你憤怒的柯粉 是個人都該感到憤怒,0
 基本上人民總是要監督政府者，防止其做,0
 爛、藐視民意、當資方打手,0
      他只會要你自己去跟老闆講啦,0
 藍狗最會消費柯粉,1
 憤怒是對了 但未必全是柯粉,0
 twp大 提出了一個好的觀察點 也是很,0
 兩岸一家親還不投KMT才是頭腦有問題,0
 值得參考的,0
 11/24彰化遊子返鄉投票議員選吳韋達,0
 跟柯粉沒關係，是對dpp許多政策，選舉步,0
 數感到不爽,0
" 問題是看到KMT根本投不下去,要改投誰?",0
 1124滅東廠,1
 智障才投國民黨,1
 兩岸一家親，命運共同體，票投柯特首,0
 中肯 124滅東廠 票投國民黨!,1
 真的柯粉最好會投國民黨，笑死。,1
 1124滅東廠 幹你娘民進黨,1
 666,0
 廢物馬狗肉便器,1
 真的理性選民不會被憤怒影響,0
 DPP吃大便吧！1124補刀啦！,1
 改投國民黨不可能！,0
 1124滅東廠,0
 都是9.2假柯粉 本來就是會投kmt啊,1
 阿不就好棒棒 颱風天跟著假新聞高潮,1
 只見柯黑，身為姚粉丁粉有自覺?,1
 的眼光被騙剛好而已 黴體共犯結構,0
 選後就會檢討柯P的外溢效應，資進黨落選,0
 DPP早已忘了自己怎選上的,0
 國台辦和喜樂島表示：很滿意,0
 一堆人都氣瘋了倒是真的,0
 政治一定這麼泯滅良知嗎？！,0
 葉克膜救了成千上萬的人也可以抹黑,0
 要滅吱黨就要投狗黨的思維真是笑死人,1
 狗黨黨工不用帶風向惹喇,1
 1124滅藍綠 只投非藍綠小黨,1
 老實說真的會考慮投kmt,0
 1124滅東廠，投誰都好就是不投ＤＰＰ,1
 民進黨瞧不起柯粉，年底就讓他們看看柯粉,0
 有多少,0
 1124滅東廠,1
 有無黨就投 沒無黨投國民黨,0
 別鬧了，4年前不就是kmt打器官案,1
 有人性的選民如何不對器官抹黑憤怒,1
 無黨絕對投 再來投kmt,0
 誰打誰就去死,1
 北柯南韓 1124滅東廠,1
 電視上一堆dpp東廠走狗隱射殺人，算誰的,1
 ～,0
 1124滅東廠。2020換母豬。,1
 1124滅國民黨 滅黑道,1
 賭爛也不會賭爛到投KMT..當然投第三勢力,1
 答對了 會轉投國民黨 這區國民黨無勝算無仿,0
 害人兇手還敢嘴砲喔？,1
 1124滅東廠,1
 1124滅東廠，藍綠一起滅,1
 藍綠通通垃圾,1
 1124滅藍綠,1
 抹屎，泥巴戰就很侮辱人民智商,1
 暐瀚很會帶,1
 中肯,0
 怒火燎原！！,0
 藍色的狐假虎威，還有一堆無腦粉在帶風向,1
 再氣也不會投給盧那個棒槌,1
 狗報帶風向 智障KMT賤畜高潮,1
 北柯南韓 1124滅東廠 2020滅母豬,1
 1124滅東廠 投KMT 還柯P公道,1
 北柯南韓 1124滅東廠 2020滅母豬,1
 不可能投國民黨啦  你以為國民黨沒有跟著,0
 被抹嗎?  當然投第三勢力甚至第四第五第六,0
 啊,0
 想太多，拿X給KMT還覺得浪費,1
 沒給抹黑的教訓，垃圾藍綠繼續吃定你,1
 goo.gl/KUEVqp,0
 高興投誰就投誰啊，就算投kmt有何不可？,0
 你想投誰沒人能阻止你啊,0
 沒錯啊 跟2014外溢效應一樣,0
 討厭DPP也不會回頭去投KMT,0
 北柯南韓 1124滅東廠 2020滅母豬,1
 投KMT？忘記228/22k跟一堆喪權辱國的事,1
 了嗎？,0
 馬迷,1
 葉克膜.器官移植全台患者的家屬有多少,0
 1124滅東廠,0
 林北以前深綠 這次看到掛民進黨的候選人 一,0
 人?是只會柯粉這個字彙嗎智障,1
 票都不會投給你,0
 有些gay屁精又出來543了,1
 難得中肯,0
 恐因柯粉怎樣標題不寫完是怎樣,0
 國民黨推鍋前先叫丁守中跟羅淑蕾閉嘴,1
 先,0
 資深馬迷能懂柯粉的心情,1
 藍綠一樣爛1124滅東廠,1
 居然還有黨工要切割，笑死了,1
 垃圾不分藍綠1124滅東廠,1
 支持小黨 拒投國、民兩黨,0
 1124滅東廠,1
 改投國民黨？你當大家都失憶症嗎,0
 不投綠=投藍是什麼樣的智商思考出的答,1
 案?,0
 呵呵 DPPer怕惹 在狂帶風向惹,1
 姚出來前就預告了分裂了，我同學的爸爸深,0
 就一堆想帶風向的推文，以為大家都失憶症啊？,1
 綠，連他都度爛DPP搞柯,1
 真以為大家不爽藍綠都是柯粉?,0
 不用改投國民黨，投自己喜歡的就好,0
 難道你要投國民黨？？？？？,0
 雖然不合理 但是柯還是有可能當掮客喔,0
 這是在工三小拉 可以噁心成這樣喔??,1
 沒 我兩黨都不會投,0
 以後我隨便給人罪名都可以這樣說耶,0
 雖然我說的不合理 但你還是有可能有罪^^,0
 這大絕招會不會太無恥啊??,1
 憤怒鳥？,1
 英文下功德上，獨派爽歪了,1
 幹爆dpp,1
 1124滅東廠,1
 民進黨年底早就該死了，別想拿到任何一票!,1
 1124滅東廠 綠共吃屎 腦粉崩潰 爽～～,1
 柯粉投KMT？ 四年前KMT對柯做什麼當大家,1
 失憶？,0
 沒有柯粉只有liar fan,0
 推,0
 白癡才會投國民黨。讓他們再回來搞？,1
 藍綠垃圾都不投啦,1
 恭喜法輪功活摘器官成最大宣傳贏家,1
 高調投給盧秀彥，讓林佳龍好看,0
 http://big5.zhengjian.org/node/205235,0
 黨工這幾天一直在帶風向不要選國民黨,0
 ！幹白癡才去選小黨，選小黨就是廢票,1
 繼續讓民進黨爽！,1
 明明是在偷渡投國民黨 可恥,1
 現在民進黨已經證明比國民黨爛，而且,1
 還更壞更奸，幹你有聽過國民黨嗆人民,1
 講不爽不要選嗎？,0
 真的是北七藍綠黨,1
 絕對不投藍綠 寧願蓋廢票,0
 Dpp現在根本已經是一頭不受控的怪獸,0
 ，勞基法硬上幾天內就通過的場景歷歷,0
 在目，國民黨也爛但是蠢多了好對付，,1
 現階段最好的辦法是不斷政黨輪替，祈,0
 多分析自己支持的政黨，讓大家看看你的,0
 禱柯p2020出來整頓台灣才能往前前進,0
 觀點好嗎,0
 ！,0
 看人投,0
 是因為資進黨的下流讓人覺得可恥!,1
 不想投DPP然後投KMT，這啥邏輯,0
 1124滅藍綠,1
 中屎,1
 以高雄為例，你不投韓國瑜去投蘇盈貴,0
 根本就是要保送陳其邁，黨工這幾天拼,0
 了老命就是叫大家去投小黨，這樣dpp,0
 才可以繼續爽！,0
 腦殘才會投一個更爛的kmt,1
 笑死,1
 kmt還是改變不了泡沫化的命運啦,1
 沒錯，我們高雄人智商高不可能投給KMT,0
 的。一起支持其邁，讓高雄進步再進步，,0
 幸福又幸福。,0
 1124滅東廠,1
 1124滅東廠,1
 幹!你當廢票不能投是不是?,1
 這咖…哈！11月24日等看你崩潰丟臉。,1
 東廠黨,1
 名嘴都看低 年輕人 網紅之類的 酸言酸語,1
 https://i.imgur.com/Ato5Jci.jpg,0
 黃暐瀚。我已備份11/24看你出醜,1
 獨派激怒柯粉借刀殺人菜下賴上完美結局,1
 民進黨工慌了啦 投韓國瑜還比盧可能,0
 畢竟柯屁對韓是有好感 跟台中林關係又,0
 不錯 當然搞肥菊高雄老巢,1
 投藍共跟投支共有啥兩樣？,1
 1124滅東廠，還是不投國民黨,1
 skylion是不是反串，也太好笑了吧,1
 寧可投擺明不會上的無黨或小黨,1
 再搞個藍八舔支縣市 然後低智鄉民又要在p,1
 tt上哭舔支了,1
 黨工們黔驢技窮，只剩抹屎這一招,1
 1124滅東廠 但是國民黨我還是投不下去,1
" 照現在的板塊來看,不去投票對DPP真的沒什",0
 千杯民進黨就說了：不爽不要投！,1
" 麼傷, 投給KMT才是教訓DPP",0
" 反正這輩子從沒投過KMT, 凡事都有第一次嘛",0
 這傢伙害死日本外交部處長了還學不乖？,1
 1124滅東廠,1
 Kmt爛歸爛至少沒dpp這麼齷齪狠毒,1
 讚 北高中盧高國瑜 柯粉推啦,0
 1124滅東廠 推柯,1
 北柯中盧高國瑜,0
 全台超過百萬柯粉 韓拿70萬票輕輕鬆鬆,0
 躺著選 韓市長好,0
 不投民進黨野不會投國民黨啦 乾,0
 1124滅東廠 這輩子沒投過dpp以外的 除,0
 了2016不分區投時力以外 凡事總有例外,0
 1124 滅藍綠,1
 當然投小黨，誰跟你投國民黨,0
 1124票投支持兩岸一家親的人,1
 1124消滅藍綠，大家一起來,1
 他們就是希望至少kmt能贏啊…,0
 馬偉翰變柯偉翰了,1
 為什麼不投民進黨 就一定要改投國民黨?,0
 投廢票或是不去投也只是讓dpp爽爽上,0
 不然呢？,0
 縣市長根本沒差好嗎 又不是柯 每個縣,0
 市長都要問統獨？,0
 屎報,1
 垃圾馬迷  造謠不用負責？,1
 抓到了啦  投柯柯就是投馬英九啦！,1
 垃圾不分藍綠,1
 共產黨就是要你台灣人消滅民進黨，智,1
 我是！我全家都是。,0
 他說得滿中肯的,0
" 以前辯護現在抹黑,不是沒智商就是沒良心",1
 1124滅東廠 票投國民黨,0
 玩到變看誰投賭爛票,1
 是不爽沒錯，但還沒傻到去投國民黨吧…,1
 議員和基層民代都要讓dpp 倒,0
 未了一個台北市長選舉，可以賠掉整個,0
 黨 偉哉,0
 2014是我大DPP禮讓，啥鬼白色力量,0
 1124投小黨，葬送舊政黨,0
 我上次投dpp，這次我寧願投kmt,0
 1124滅藍綠,1
 沒有爛只有更爛，垃圾DPP,1
 救救dpp，需要清君側，高雄要反轉,0
 拔除新毒瘤，撤換510，台灣站起來,1
 反正這次要讓綠共吃鱉,1
 不好意思 自己的錯自己改,0
 很快就可以見到 DPP完全執政 完全慘,0
 今年一定讓DPP下,0
 柯粉跑去投KMT  是要證明智商有問題嗎,0
 柯粉哪不會投KMT? 柯粉宇宙第一字號KKC,0
 馬英九跟宋楚瑜可是挺得多高興 馬他也許,0
 現在不提=知道丟臉 宋神掌他還是一路挺喔,0
 他也支持館長說台北投柯外縣市投KMT,0
 黃大記者應該可以去問柯P：你的粉絲,0
 雖然我到現在還是沒看到他被國家機器追殺,0
 到哪種程度啦,0
 要去投KMT  你怎麼看,0
 中肯,0
 票 投 中 國 國 民 黨，任 務 出 動,0
 DPP，BYE,0
 看到黨工跟垃圾獨的骯髒雜種嘴臉 1124,1
 真的要給他們難看 操 這些半路才來dpp,1
 不錯啊 議會放藍綠互咬比一黨獨大好,0
 的垃圾假dpper,1
 垃圾不分藍綠,1
 不投綠狗爛黨 但票也不會給垃圾KMT,1
 實話啊...我沒台北投票權 寧可投無黨的,0
 看到他們垃圾藍綠得票率也爽,1
 我會轉投洪士奇醫師 柯友陣營,0
 這傢伙還好意思繼續當名嘴啊,0
 幹你資進黨國民黨,1
 支持小黨！,0
 1124投小黨，葬送舊政黨,0
 馬尾在帶投給國檔的風向噗噗,0
 不用恐啦，就是會發生。,0
 藍綠都投不下去,0
 推,0
 放屁 我寧願廢票都不會讓DPP和KMT當選,1
 讓人難過的是 這或許就是檯面下藍綠一,0
 家親的原因:你做爛了換我做;我砸鍋了,1
 輪你撈。想想就令人喪氣,1
 柯粉要投丁丁嗎 完全沒邏輯可言,0
 支那狗要高潮了,1
 不投dpp但誰會投kmt  哈哈哈,0
 哈哈哈,0
 是不會投票給國民黨啦!超低投票率可預期!,0
 重判2年，,0
 酒駕無罪,0
 酒駕一律死刑 謝謝,0
 在台灣酒駕可以當發言人，悲哀,1
 馬德畜生,1
 也不用求償了，寧願燒掉也不會賠,0
 民進黨連這種安全都給不了我們,0
 可惜沒加入dpp，不然一定有官能當,1
 可惡,0
 這該用殺人罪起訴了,0
 酒駕就是垃圾,1
 判死吧，這種毫不在乎的，一定會再酒駕,0
 臺灣法律鼓勵久假,0
 我猜他是民進黨黨員,1
 重判1年易科罰金,0
 記得關出來找菜母豬，會賞一個官位,1
 慘 年輕設計師一窮二白大概也賠不出錢,0
 人渣無誤,1
 鬼島日常   立委無感  垃圾政府,1
 甚麼的設計師 有職業叫設計師嗎,1
 有個酒駕的行政院發言人 你覺得？,0
 三審豬腳麵線。,1
 台灣酒駕罰則就沒人在怕..不是很愛學,0
 可加入民進黨當發言人,1
 可以當行政院發言人,1
 行政院發言人:,1
 歐洲 怎麼不學人家酒駕罰年收入,0
 改名叫豬拉屎，當行政院發言人,1
 活了23年就這樣突然掛了 悲哀,0
 幹 人渣,1
 幹你媽的甚麼時候才能酒駕=殺人罪,1
 這該直接判死了吧,0
 應該修法酒駕者摘腎,0
 發言人兼代言人,0
 講好聽叫設計師 講難聽叫廢物行政助理吧,1
 酒駕可以當高官再說被霸凌,1
 這種狡辯的水準真的適合當發言人,1
 不然學米國 累犯重罰,0
 這林男一看就知道支持民進黨,1
 酒駕沒什麼  趕快加入dpp,1
 鬼島日常,1
 酒駕畜生去死吧,1
 到底什麼時候才要修法？,0
 趕快辦張有台灣價值的黨證,1
 公布姓名啊 兩個都姓林 寫成這樣看得很累,0
 垃圾鬼島 低能政府,1
 建議私刑正義,0
 他媽的垃圾 人渣 廢物 畜牲,1
 慘,0
 酒駕都能當行政院發言人了..,1
 無犯意很快就放出來了，台灣人命不值錢,0
 酒駕都可以當發言人了，怎麼可能修法,1
 酒精不影響開車？所以他是故意去撞人,0
 有意願加入DPP團隊嗎,1
 的？,0
" 官僚不知道人生被強迫登出,橫屍街頭有多慘",1
 怎麼不是撞死立委？？？,1
 支持酒駕死刑,0
 笑死，垃圾鬼島政府什麼時候要嚴懲酒駕?,1
" 所以在台灣,連酒駕的都可當高官也不意外了",1
 干你老師究竟要不要修法啦，垃圾政府。,1
 不影響所以是蓄意就對了啦低能,1
 立委還在酒駕的一天 就不可能大修法,1
 政府繼續無視酒駕,1
 生在台灣，無犯意殺人只要悔改就沒事，反,1
 幹  學店撞死台大 這怎麼賠,1
 正他也坐牢了，可能也有賠償，你一個平民,0
 百姓還想怎樣？,0
 沒影響？那就蓄意殺人囉？,0
 這也可以扯 他之前一定投柯p的 總統選,1
 資進黨的支持者吧？,1
 酒駕沒什麼好說的，去死。,1
 朱,0
 這台大生的新聞也太多了吧,0
 民進黨在忙著選舉沒空啦 一切以選票為優先,1
 殺,0
 所以是蓄意殺人嗎？,0
 別說一堆辣雞官了 台灣人就歡喜迎酒駕,1
 建中->興大這樣也高材生??,0
 不是罵吧 這行為本來就是,0
 酒駕發言人表示:,0
 學弟R.I.P.,0
 不受酒精影響?所以是故意撞的?,0
 可以上國道的四輪又酒駕了，我們檢討重機,1
 恭喜獲得發言人資格券,1
 酒駕可以升官 by dpp,1
 還10萬交保，反觀被霸凌的體巡師150萬,0
 受害家屬也撞回去啊 反正都輕判,1
 真他馬的垃圾,1
 這發言的臉皮 真得可以去總統府應徵發,1
 言人看看,0
 有發言人水準,1
 反觀沒有團體敢發起反酒駕公投...,0
 酒駕都能當發言人了,1
 等哪個政府高層自己被酒駕撞死才有機會改,0
 殺人犯10W交保 成大殺人未遂150W交保,0
 不受酒精影響，那就是蓄意殺人啊? 垃圾,1
 所謂的民間團體都是政黨的打手而已,0
 酒駕都可以當發言人了,1
 鬼島不意外 沒死到高官子女不會有作為,1
 又不是故意的，為何要用生命捍衛路,0
 權,0
 酒駕不是殺人 是可以當民進黨發言人,1
 既然不影響開車  那顯然就是基於他的意志,0
 去撞死人了阿   殺人罪起訴吧,0
 酒駕開車死別人,0
 dpp謝長廷的兒子也酒駕,1
 在台灣 酒駕>>>>>>>>台大高材生,1
 酒駕真的都智障 花錢搭計程車都不會,1
 送女友回家結果自己先回老家了……,0
 受害家屬撞回去就變150萬交保了…防制酒駕,0
 根本沒效,0
 酒駕可以當發言人啊,1
 幾個月就出來啦,0
 dpp最愛: 殺人  酒駕  北漂,1
 酒駕可以去當立委 駐外代表 發言人,1
  好多政府職務喔！,0
 幹 垃圾,1
 落後的大眾運輸讓不該價值的都上路了,0
 政府:酒駕罰罰錢就好。誰理你們,1
 民進黨支持酒駕發言人,1
 不是酒精的關係就是刻意殺人嘍？,1
 垃圾政府 酒駕當發言人,1
 垃圾人渣,1
 垃圾黨酒駕最多啊,1
 殺人10w...成大150w..太扯了,1
 千杯千杯再千杯,0
 何時酒駕才能修法為蓄意殺人,0
 不影響開車那不就蓄意殺人？,0
 峰頭過了就沒事啦 鬼島日常,1
 鄉民們醒醒吧 民進黨死不修法 還故意派一,0
 一大堆公投提案，為什麼沒有酒駕坐牢重罰,0
 個酒駕前科的當發言人,1
 酒駕撞死人罰10萬，被霸凌者傷人罰15,0
 我們除了在推文罵一罵，什麼都不能做了嗎,0
 0萬…,0
 ？這種無差別殺人，下一個受害者可能就是,0
 我們自己或家人啊！,0
 隨機殺人無誤,0
 酒駕幹幹幹,1
 成大案需要持續高調,0
 乖乖等紅燈也橫死街頭...,0
 這個官司結束以後可以加入民進黨,1
 可能沒喝酒駕駛技術也一樣差吧,1
 法條就擺在那啊，立委就不修法你奈他何,0
 畜牲酒駕為什麼不去撞高官啊,1
 酒精不影響開車，所以是蓄意謀殺,0
 酒駕黨：依法行政，洩洩指教，重罰2萬,1
 ，可教化,0
 不受酒精影響那就是故意殺人啊 檢察官應該成,0
 全他,0
 dpp: 發言人 駐外代表 選一個,1
 酒駕的動機跟鄭捷一樣 這群垃圾中還有一,1
 個是母豬原民呢！,1
 有前途，酒駕黨+1,1
 酒駕撞死人10萬交保，成大體循師要150萬,0
 酒駕都可以當官了，上行下效，民眾當然有,1
 交保,0
 恃無恐,0
 垃圾酒駕幹,1
 鬼島 日常,1
 資進黨修惡勞基法跟通過錢沾就快的跟火,1
 箭一樣，哈哈，這他媽的根本就是要不要,1
 做而已,0
 不受酒精影響的意思是，我蓄意殺人？,0
 原來是被母豬害的，台灣母豬害人不淺,1
 偉大的立法院，偉大的民意代表，立爛法,1
 一死二傷的交保金是被霸凌行兇的十五分之一,0
  交保出來後相關賠償還拿得到嗎?,0
 無罪謝謝,0
 混帳東西,1
 四輪不意外 人家重機酒駕都只死自己,1
 就你們大爺都死別人,1
 別只會把原因都怪到酒上,0
 酒駕一直無法重罰……碼的,1
 刑度上修到死刑，十年起跳。立竿見影,0
 這種垃圾殺人10萬可以交保，反觀150萬,1
 既然酒精不影響，那就是故意殺人,0
 這種人不加入民進黨真可惜,1
 但是一群賤人們不肯修，只能怪賤民自已,1
 沒酒精影響 那就是自主意識 殺人,0
 啊，忘了。他媽的監獄不足，很容易教化,1
 十萬交保？？？？？,0
 行政院發言人：？？,1
 郭正亮：？？,0
 早說了是「機車待撞區」你不信,0
 這就10萬交保，成大那個就要150萬,0
 大好前程的年輕人就被酒駕垃圾毀了,1
 誰叫酒駕黨立委佔多數,1
 辛苦了，再去生一個，歡迎來到鬼島,1
 幹你娘垃圾立委什麼時候修法ㄧㄢ嚴懲酒駕,1
 這叫過失傷害，你信嗎 ? 酒後開車過失 ?,0
 台灣政府獨步全球啊，酒駕發言人都有,1
 每次看檔這種新聞除了怒氣，我們到底還,0
 了，酒駕議員也有了，參選因為酒駕退,1
 能做什麼,0
 選的也有了，垃圾藍綠不敢修法就是怕,1
 立委全都垃圾！酒駕什麼時候能重罰？,1
 弄到自己人，誰不知道！,0
 垃圾酒駕通通槍斃,1
 酒駕殺人10萬，被霸凌砍人150萬,0
 這男的腦袋有問題吧~酒精不影響開車?啊,1
 幹,1
 人家狗拉屎就是酒駕示範了,1
 你就是喝酒開車撞死人啊!,1
 不受酒精影響？所以你是蓄意殺人囉？,1
 酒駕垃圾>>>>>>>>>台大學生,1
 蓄意謀殺 事後無悔 支持唯一死刑,0
 這種出來八成會搞一樣的事!!!,0
 可惜設計師不是黨員，不然就升官了！可憐,1
 的媽媽，在鬼島只能看開一點,1
 再跟我說有悔意減刑啊！,0
 他居然覺得喝酒開車不怎麼樣,0
 政院發言人表示：,1
 哪間的設計師阿 名字報出來 別只報死者,0
 成大的那位是不是後悔沒喝酒開車？,0
 十萬交保......,0
 酒駕肇事，唯一死刑，酒駕被臨檢到，關3,0
 年不可假釋，應該會好一些,0
 撞死台灣人 看來可以升級成內閣高層,1
 喝酒真的是垃圾，誤國誤事又賠命,1
 女友也有錯啦。 自己不會回家？,0
 支持酒駕唯一死刑,0
 智障  0.7不去睡覺開三小車,1
 幹垃圾駕駛 賠我朋友的命,1
 幹嘛要男友載。不會靠自己嗎？,0
 不受酒精影響，那你就是蓄意殺人了。,0
 10萬 VS 150萬,0
 垃圾酒駕仔,1
 最好吸毒開車也是重刑......,0
 到底為什麼法律不嚴治酒駕,0
 幹廢物,1
 酒駕黨表示,1
 幹廢物駕駛 幹,1
 連常識和良知都沒有的人 不配做設計！,1
 怎麼不是自己死,1
 幹你娘垃圾就該待在垃圾桶 戴三小口罩,1
 立法院吃屎的,1
 這垃圾設計師的全名叫什麼 讓大家知道,1
 也好 至少讓他被社會唾棄 看他還敢囂張,1
 嗎,0
 民進黨發言人+1,1
 好可憐，垃圾酒駕，都去死,1
 嗯..對 現在吸毒開車也很多,0
 這種垃圾直接都死刑吧,1
 守法的人都被這種人害到,0
 幹 立委還不修法整天只在那邊抹黑抹屎拉低,1
 台灣水準,1
 給我一杯酒～再給我一台車～,1
 十萬交保.....,0
 什麼設計師 路邊冒出來都可以叫設計師喔,1
 酒駕都垃圾,1
 這種悲劇要發生幾次執政黨才願意重,0
  少在那邊亂下標,0
 視問題......,0
 怎不去死一死,1
 霸凌傷人交保要150萬，這種只要10萬,0
 幹 連坐罰好嗎 明知他喝酒還讓他開車的都推,1
 了一把,0
 酒駕垃圾怎麼不直接判死,1
 逼哀,1
 酒駕內閣林峰正谷辣斯表示,1
 為什麼不是撞死立委?!因為他們都開車,1
 酒駕問題連選舉前都沒人敢提了，很慘,1
 酒駕就是殺人啊…,0
 洗學歷仔,1
 10萬交保呵呵 關個十年起吧,1
 樓上 洗學歷這種話你講的出口是嗎,1
 我朋友都走了 你還有良心？,0
 酒駕垃圾去死，幹,1
 不是該罵酒駕 講死者幹嘛？？？,1
 酒駕去撞有前導的大官好嘛 垃圾,1
 近行政院上班囉,1
 真心希望是法官的兒子被撞死,1
 幹他媽垃圾酒駕，幹！,1
 酒駕就是垃圾啦 死一死,1
 酒駕殺人者應被貨櫃車碾過,1
 幹你娘  什麼時候酒駕直接依殺人罪起訴,1
 那就是謀殺啊幹,1
 相信我，DPP不會改,1
 沒死立委都不會有用啦,1
 酒駕垃圾,1
 酒駕死刑！！咦？罰到立委了？,1
 沒用 立委會裝死不處理,1
 不受酒精影響？所以是蓄意的？那就是謀殺,0
 很好，不受影響，那就代表你根本就是要殺人,0
 酒駕撞死人10萬交保，成大循環師反擊,0
 霸凌150萬交保…,1
 幹,1
 說洗學歷的腦袋正常嗎？,1
 推,0
 大家不如打個電話施壓地區立委好嗎？在PTT,1
 抱怨只是笑話,1
 不受酒精影響，那就是蓄意殺人摟？,0
 高調,0
 不受酒精影響，所以是蓄意的囉？,0
 撞死人10萬交保、成大殺人未遂150萬交,0
 保還被限制外加每天警局報到…難怪總,0
 不受酒精影響那是故意殺人咯,0
 是輾死的…,0
 垃圾酒駕,1
 垃圾人渣低能賤畜去死一死!幹,1
" 都變低能了,連腦都影響了,還沒影響",1
 垃圾,1
 只修法對超速 卻不敢修法重罰酒駕,0
 草泥馬成大那個120萬交保，酒駕撞死人1,1
 0萬，草泥馬台灣,1
 垃圾,1
 喝酒開車就跟鄭捷一樣，為何不能死刑？,1
 哈哈酒駕殺人10萬交保，鬼島啊,1
 那用棍棒爆打你的頭會不會影響健康？,1
 重判一年，出獄後接任發言人,1
 可以當發言人,1
 民退黨用酒駕犯當政府門面 棒不棒~!!,1
 民退黨用酒駕犯當政府門面 棒不棒~!!,1
 酒駕人渣,1
 酒精不影響所以你是故意的？？,0
 幹嘛強調學霸，頭腦好的命比較值錢？,1
 廢物重機亂騎 四輪大爺替天行道而已,1
 酒駕：政府官員優良示範 沒事ㄦ 再喝一,1
 買車上路不管2輪4輪，都是有風險的，請多,0
 愛用大眾交通工具,0
 酒駕是台灣價值呀 看看政院發言人,1
 所以我說那個設計師的名字呢,0
 世上垃圾何其多…唉…,1
 之前連署過好幾次了 政府一直裝死,0
 快點申請dpp黨員 應該就緩刑了,1
 十萬交保 反觀被霸凌的150萬 幹,0
 10萬元 ㄏ,0
 酒駕都可以當發言人又濫用法扶  法扶,1
 了，期待酒駕能有什麼自我要求？,0
 台大不EY,1
 撞死個台大的，真的可惡，嘻嘻,1
 綠畜黨的最愛，酒駕設計師,1
 沒撞到那群立法的，不會改,1
 立委繼續無視,1
 酒駕發言人是女生+原住民，政治雙重正確,1
 年底藍綠都不投,0
 立委不修法，法院又輕判放行，垃圾鬼,1
 島，酒駕天堂,1
 不影響?那就是蓄意囉?,0
 10萬交保 笑死 蔡政府還說要司法改革？,1
 台灣就是酒駕和虐童刑罰太輕,0
 說女友也有錯的人真的好笑www硬要扯www,1
 修法再重，法院都輕判有屁用,1
 每天都在發生的事情 立委諸公卻不修法,0
 台灣法律 公平正義,1
 法條不先生出來  法官是怎麼辦,0
 垃圾,1
 噓用過失傷害起訴,0
 垃圾,1
 行政院發言人應該發表一下專業意見,1
 都開到對向車道了，不影響開開咧，去死,1
 啦,0
 人渣死全家,1
 酒駕到底要不要嚴懲啦,0
 不影響就是蓄意殺人囉? 酒駕真的垃圾,1
 先問問台灣價值哪邊高,1
 酒駕都垃圾啦,1
 這罰很重，我看一年應該有,0
 不受酒精影響，那就是謀殺囉,0
 呵欠 大概又沒事了吧,0
 既然自己說不受影響 那就是蓄意殺人,0
 渣,1
 認真覺得酒駕大概只有柯文哲當上總統,0
 才有解 因為他的學生就是被酒駕撞死,0
 最後搶救無效死在柯面前,0
 明明就隨機殺人  過失傷害是三小？,0
 酒駕撞死人 10萬交保 反觀那個150萬交保,0
 的 鬼島,1
 https://i.imgur.com/bAAaPpe.jpg,0
 酒駕罰繳稅兩倍好了,0
 立法委員都是縱容酒駕的垃圾?,1
 扣拉屎：,1
 法律做不到 就自己動手啊！,0
 不受酒精影響?那就是蓄意殺人囉,0
 乾...又一個人才被垃圾害死,1
 有法律素養的廢物來說說有什麼方法可,1
 以逼立委修法,0
 喝酒不影響垃圾 這人原本就是垃圾啦,1
 可以當發言人 讚讚,1
 到底啥時要重罰酒駕  垃圾官員立委們,1
 幹 又是酒駕,0
 喔 民進黨怎不敢加重罰責？一堆罪加,0
 十倍都嫌少 改來改去最低都超輕 偏偏,0
 每次都罰最輕,0
 甚麼時候酒駕才要修法阿,0
 酒駕到底什麼時候要死刑馬的,1
 才10萬交保，淦，垃圾酒駕,1
 不是撞法律人 可教化,1
 以後大麻開放後 多一個磕大麻開車撞,0
 死人,0
 幹不是很多人很有法學素養 怎麼不吭聲,1
 法律系不要念了 去做粗工啦,0
 馬的 44歲酒駕人渣賤狗 幹你娘,1
 幹你娘,1
 垃圾,1
 酒駕都應該死刑 幹,1
 媽的 酒駕殺人比殺人罪還輕 無法接受,1
 說得沒錯啊，幹，酒駕根本就是殺人,1
 去看看藍綠政客有幾個酒駕紀錄的人渣，,1
 難怪死都不敢改鞭刑,0
 對欸 自稱不受酒精影響 那就是故意的囉?,0
 真的垃圾,1
 除非酒駕撞死高官全家，不然不會修法,1
 酒駕殺人10萬元交保，這什麼垃圾法律,1
 立委：我也可能撞死幾個 罰則越輕越好,1
 撞死人才10萬交保？,0
 一定是超速啦,0
 唉,0
 酒駕就是垃圾,1
 酒駕執意開車就有殺人意圖了啊,0
 這個10萬交保，一樣姓林,1
 成大那個150萬交保,0
 上面噓十萬交保的是不是不知道十萬交保,0
 是什麼意思啊？,0
 那裏根本不能左轉 要開往前走迴轉道,0
 開車不受酒精影響那你還撞死人，你是故,1
 意撞他的？,0
 同席喝酒沒勸代駕或搭小黃的一起下地獄,1
 人渣,1
 幹設計師是能拿什麼賠人家台大,1
 阿童就算酒駕以後還是一堆腦殘支持,1
 這種的10萬交保？？？150萬那個到底是,0
 得罪誰,0
 到底什麼時候要修法酒駕致死視同蓄意殺人,0
 酒駕傷人或致死應該要朝故意犯判,0
 酒駕炒房一律死刑,0
 操 酒駕真他媽的狗,1
 酒駕真的是殺人 真的很恨這些人,0
 酒駕撞死人10萬 成大體循師150萬 媽的檢,1
 調大腦都被活摘了事不是！,1
 有夠垃圾,1
 幹酒駕都垃圾  沒死刑也不得好死,1
 酒駕人渣噁心,1
 10萬交保…反觀…,0
 立委：什麼？沒看到~,0
 媽的廠商招待  酒後開車   很像營建業,1
 的設計師會幹的事,1
 結果最後被自己前輩撞死  RIP,0
 酒駕應以殺人罪送辦,0
 支持酒駕唯一死刑,0
 酒駕一定要修法,0
 酒駕垃圾,1
 成大砍人員工要150萬，這個只要10萬^_^,0
 酒駕又沒怎樣，還可以當政院發言人呢,1
 希望酒駕重罰,0
 幹他媽土木工程 人才一個被這樣糟蹋,1
 雞拜議員、立委要修法了沒？,1
 日你先人，什麼叫喝酒不影響開車,0
 真的很可惜,0
 台大高材生就這樣沒了，酒駕去死,1
 寧可殺死對方也不要等司法判決,1
 垃圾人渣殺人都沒事，成大被霸凌的林姓,1
 技術師還被羈押要求150萬保釋金,0
 支持立法 -->酒駕要重罰 酒駕肇事=蓄意傷,0
 (殺)人,0
 誅九族啦,0
 人都死了10萬交保？,0
 可以當發言人,1
 垃圾酒駕 幹你娘,1
 酒駕殺人10萬交保，台灣司法呵呵,1
 https://www.ettoday.net/news/20181007/,0
 發言人自己都酒駕了你期待他們修法？？,1
 垃圾酒駕撞死國中同學，設計師沒錢叫計程,1
 在台灣酒駕殺人無罪 鬼島犯罪天堂,1
 車？,0
 難過,0
 重判2年,0
 台灣政府再繼續擺爛啊  這不會是最後一件,1
 酒駕可以先列入殺人嗎,0
 酒駕真的是殺人，但法律上卻認為當事人沒有,0
 主觀意識,0
 酒駕超多的,0
 哭了 這種悲劇什麼時候才會被正視,0
 根本隨機殺人犯啊,0
 酒家死刑,0
 酒駕死刑,0
 酒精不影響開車？國中生物0分？,1
 酒駕都可以當發言人了 要修法比登天還難,1
 唉。  未可限量的年輕人....,0
 狗雜碎去死,1
 幹你娘直接死刑好嗎,1
 酒駕可以唯一死刑嗎？倘因國際人權意`,0
 坡鞭刑可以參考嗎？加重罰錢沒用啦！`,0
 奪命白色CRV幹掉多少人了 死角的休旅一堆,0
 人開,0
 酒駕根本是蓄意殺人,0
 酒駕死刑,0
 人渣 廢物 社會害蟲,1
 酒駕者在台灣能當政府發言人欸，嚴重,1
 反正在這邊罵 酒駕還是爽爽過一生,1
 嗎？,0
 歡迎加入民進黨,1
 沒用啦 要到哪天死的是高官兒子才有用,1
 竟然有人檢討女友？三小觀念？,1
 垃圾酒駕,1
 酒駕廢物,1
 人渣酒駕,1
 酒駕發言人: 酒駕立委:,1
 不受酒精影響，所以是蓄意殺人嗎？,0
 真的是人渣,1
 酒駕=殺人無誤,0
 媽的台灣到底要不要修法啊,1
 啊啊啊 還要死幾個人 僥幸是起因 不是厲,0
 節哀吧 法律不是站在你這邊,0
 嗚嗚嗚嗚,0
 台灣需要私刑正義,0
 法可以修補的 至少抓到要自費保管車輛吧,0
 看蔡英文什麼時候被撞死就會修法了,1
  一個月以上 影響生計用社服替代 才能達,0
 乾你娘 10萬交保 TMD,1
 到警示,0
 都可以當發言人了，還能期待政府修法,1
 放心 立委 民代很多都有酒駕 不可能修法重,1
 判,0
 民飢黨發言人表示沒什麼,1
 被撞的痛只有當事人了解吧,0
 問dpp瞜,1
 幹 到底酒駕什麼時候才要重罰，一堆垃圾,1
 反正只要不是死刑或無期 都沒幾年就能假釋,0
 出獄,0
 一般來說 殺人是重罪 但你只要喝了酒 在去,0
 撞死人 就沒啥事,1
 一定會有報應,1
 等哪天有鄉民決定多喝點然後對立委來這套,1
 就算是蓄意的 也沒啥事 因為你只要酒測值,0
 很高 就能輕判,0
 那時候就真的精彩了,0
 DDP睡著了...,1
 撞死人為什麼可以交保 嘛的,1
 https://montagg.io/f/PWktnxTZw,0
 酒駕=垃圾,1
 垃圾酒駕,1
 酒駕就去死一死 沒什麼好說的,1
 也不能全怪別人 台灣人選的民代 水準低的,1
 居多,0
 也算是共業,0
 明知是8+9或黑道 也是投得很開心,1
 酒駕需要重判,0
 垃圾酒駕去死,1
 立委的罪過,1
 修法啦 幹,1
 高等知識分子可不是說生就生的出來的，,0
 糞校生的命根本不應該等值,1
 立委常常要飯局 應酬 如果沒助理載 就只能,0
 酒駕了,0
 什麼時候才要修法？,0
 怎可能修法拿石頭砸自己腳,1
 有悔意可上訴,0
 等你們都投胎 也很難修法,1
 幹你娘這樣10萬交保，成大要150萬,1
 沒影響那不就是故意的??殺人罪吧,0
 垃圾酒駕,1
 低能政府不會把酒駕當殺人罪的，因,1
 為立委也天天酒駕,1
 真想修法的話 得先把對的人用正確的方式,0
 塞進整理乾淨的政府中 樓下覺得還要多久?,0
 垃圾酒駕怎麼不自己去死,1
 為什麼可以戴口罩,0
 垃圾民進黨,1
 垃圾政府不會修法的，放心,1
 操操操操操操操,0
 乾，看照片都一陣心酸，養孩子很累,0
 沒事，酒駕通常可教化，死人沒人權,0
 不受酒精影響？那不就蓄意殺人？,0
 垃圾酒駕,1
 什麼時候反酒駕上街頭?我願意參加,0
 人渣,1
 酒駕去被活摘器官啦,1
 酒駕殺人 10萬搞定 台灣真的是犯罪天,1
 可以趕快改謀殺罪嗎？宣導這麼久，也那麼,0
 堂,0
 多案例。,0
 台灣真是酒駕新聞不斷，看了一肚子火,0
 酒駕就是垃圾,1
 垃圾無能政府,1
 酒駕真的垃圾馬的,1
 這種垃圾可以不要害死人再來別人靈堂前,1
 哭跪嗎！,0
 去問問行政院發炎人啊,1
 我2幾歲到現在沒透過任何一張票，有人,0
 成功讓酒駕罰則重20倍林北就投他,0
 官員都在酒駕了怎麼會修法呢,1
 被80的沒殺到人150萬交保，垃圾人渣酒,1
 駕重罰10萬,0
 又是酒駕......,0
 酒駕直接死刑,0
 酒駕撞死人10萬，被霸凌傷人150萬，台灣ㄏㄏ,0
 政府到底在幹嘛?還不快修法,0
 dpp也支持酒駕，台灣沒救了,1
 DPP發言人可是酒駕呢！死老百姓閉嘴啦！,1
 文組撞死理組,0
 在鬼島不敢騎機車開車,1
 可惡,0
 這酒駕去DPP一定有官當，不用擔心^^,1
 酒駕的當發言人,1
 資進黨已經表態得很清楚了......,1
 可以支持的就投吧,0
 坐領高薪、得到法扶資源喲^^,1
 酒駕殺人應該也要判死刑吧,0
 繼續犧牲無辜的人民的生命,0
 民進黨新的發言人,1
 酒駕都可以當行政院發言人了,1
 可惡,0
 趕快去當DPP黨員、申請法扶律師當你辯護,1
 ，民進黨會保你全身而退，只要你儲值台灣,1
 價值,0
 行政院發言人酒駕照樣能當 漂亮,1
 明顯道德瑕疵 只有死刑唯一解,0
 這種垃圾 垃圾 垃圾！,1
 立委：爽啦 調高刑度 我怎麼選民服務,1
 蓄意殺人 給他罰到死,1
 幹他媽的酒駕垃圾,1
 酒駕的可不可以關個20年再出來啊幹，我寧願,1
 酒駕垃圾,1
 寧願花錢養廢物送進監牢裡 也不想再讓廢物,1
 殺害無辜的人了！,0
 垃圾政府死不修法,1
 去死吧,1
 學弟 RIP...,0
 這種歪風真的沒有辦法了嗎？,0
 這樣10萬交保，成大葉克膜要150萬，幹你娘,1
 DPP根本倡導酒駕耶 真的是垃圾,1
 酒駕都能當總統府發言人了,1
 不受酒精影響 那就是蓄意殺人了幹,0
 酒駕真的很可惡 根本蓄意殺人 用過失致,0
 幹 又是一個酒駕王八蛋！,1
 死真的是便宜了,0
 酒駕是明知不可為而為之 真的是吼,0
 選我黨立委酒駕砍一隻腳,0
 蓄意殺人 垃圾,1
 總有一天會撞死高官的子女然後修法,0
 人渣,1
 酒駕就是殺人犯、垃圾,1
 無法理解酒駕是什麼的文盲,1
 幹 酒駕就是廢物,1
 酒駕比照美國一級謀殺,0
 唉酒駕應該用故意殺人好不好,0
 酒駕，大客車，小黃，台灣亂源,0
 垃圾酒駕,1
 立委自己也愛酒駕不敢修法,0
 酒駕就是人渣,1
 新北垃圾台男殺死國家棟樑 可撥,1
 撞死人理由一堆，支持廢除死刑的又不是,0
 你家出事,0
 被霸凌者的人傷害霸凌者是150萬交保,0
" 為什麼撞死人是過失""傷害"" ?",0
 酒駕撞死人的10萬交保  沒天理,0
 合法殺人 臺灣奇蹟,1
 馬的畜生。酒駕根本蓄意殺人。幹。垃圾立委,1
 誰提案修法我下次全力支持。草泥馬的,1
 支持酒駕致死唯一死刑！,0
 酒駕都垃圾,1
 立委的最愛！酒駕 ！台灣特產呢！！,1
 酒駕內 文化部還不趕快把部長職位奉上,1
 為何是過失傷害不是過失殺人或蓄意殺人,0
 民進黨全面執政,0
 垃圾!!!,1
 沒有過失殺人啦…只有過失致死,0
 法律上只有 故意殺人，過失致死,0
 交保只需十萬 到底什麼時候要修法？,0
 可以加入DPP當發言人,1
 感覺民進黨可以堂堂正正將納入發言人人選,1
 台灣酒駕無罪啊 沒人在乎,0
 投藍綠兩黨就是支持酒駕無罪,1
 勇迷開放大麻之後就會呼麻駕車了,0
 我認真 什麼時候引入鞭刑,0
 然後到時候又會呼麻不影響開車,0
 好爽喔 殺人記得要喝酒喔 酒駕萬歲 千萬不,1
 要修法 老百姓太多 不殺一點 有錢人錢太多,1
 不過本案，應該是不能安全駕駛的公共危險,0
  想殺人就靠酒駕,1
 罪跟過失致死，過失傷害想像競合，懷疑記,0
 者沒抄完整,0
 我們立委跟議員都不修法，替自己留後路..,0
 立委都帶頭酒駕怎麼可能會修法,1
 民進黨德政再現,1
 鬼島就是酒駕天堂...唉 真的可憐,1
 酒駕好朋友,1
 一堆下賤台男硬要酒駕殺人,1
 媽的垃圾,1
 酒駕殺人 DPP推了好幾把,1
 政府就不在乎酒駕啊，酒駕都可以當發,1
 言人，有差嗎,0
 重判緩刑兩年,0
 政黨忙選舉沒空管人民,1
 酒駕島不ey,1
 土立土及酒駕,1
 啊就隨機殺人啊下一個被殺的是誰,0
 酒駕渣怎麼都專門撞高材生,1
 執政黨DPP倡導酒駕呀！死老百姓閉嘴啦,1
 雜種立委跟議員要出來選民服務了,1
 一堆律師會搶著幫酒駕人渣辯護的,1
 不是酒精影響 還能開車撞死人那是什麼?,0
 原住民KOALA：我酒駕 我有權找免費律師,1
 拼酒文化的問題更大吧～,1
 沒事啦，撞死的又不是法律人,1
 垃圾,1
 酒駕黨粉絲  無罪定讞,1
 酒駕就是垃圾,1
 我們公正的法官一定會重判8.7個月,0
 去你的酒駕 垃圾 怎麼不去自撞死一死,1
 哭了，酒駕去死幹你娘雞掰垃圾敗類,1
" 看了很難過,但是廢死的假道學敗類會無視",1
 看看某發言人ㄎㄎ,1
 DPP: 酒駕超棒的阿！適合當我們的發言人,1
 不受酒精影響，所以是故意殺人？,0
 臺灣是酒駕天堂，罰二年是怎樣,1
 綠共價值 : 千杯 千杯 再千杯,1
 小孩已經夠少了 還一直撞死......,0
 同意樓上 辯解酒駕影響 那就是蓄意殺人,0
 幹你娘垃圾,1
 0.7已經茫了吧,0
 為什麼到現在還在縱容！幹幹！！,1
 垃圾酒駕人渣,1
 垃圾酒駕真的該一槍打死,1
 酒駕10萬 成大那個150萬 偉哉鬼島,1
 垃圾  垃圾,1
 台北意外嗎？一堆酒駕垃圾,1
 開車不受酒精影響，所以撞死人是規劃,0
 以久的謀殺還是臨時起意想殺人？,0
 民進黨古辣斯表示沒關係,1
 幹 酒駕到底要不要修法啊,1
 垃圾 判死刑吧,1
 垃圾一個,1
 成大案150萬交保，這案10萬，有沒搞錯,0
 廢物政府解決不了酒駕的問題,1
 喝酒進步黨最愛,1
 幹你媽的十萬,1
 過失傷害? 怎不是殺人罪起訴,0
 成大案150萬交保，這案10萬,0
 酒駕處罰真的很低 明明就是會造成嚴,0
 重後果的行為啊,0
 要不要直接禁酒比較快啊 反正酒對人,0
 類社會百害無一利,0
 酒駕就是垃圾幹,1
 罪太輕。這些酒駕永遠不怕...,0
 23歲 很年輕...,0
 要被重判了,0
 DPP嘻嘻,1
 我爸也被酒駕撞過，幸好有路人幫忙攔,0
 阻肇事者。酒駕真的要鞭刑。,0
 在台灣酒駕能當發言人,1
 拜託一命換一命 垃圾,1
 太可惡了,0
 明天來候補當行政院發言人,1
 鄉民最可悲的就是只在出事時會批罰太輕,0
 沒出事時你以為法律就不在嗎 一直都在啊,0
 平常沒人幹立委幹行政院 出事了再來罵,1
 罵完之後大家心情舒爽了就忘了 等下次囉~,0
 吵起來吵起來,0
 酒駕垃圾還可以當政府發言人呢,1
 八卦酒空-1,1
 酒駕垃圾真的可以去死一死，殺人狂,1
 酒駕垃圾,1
 幹 酒駕殺人10萬交保，成大被霸凌的,1
 體外循環師150萬元交保偉哉政府,1
 9+74,0
 幹同個補習班的學弟...真的應該遊街然,0
 後在西門町直播凌持..,0
 剁懶叫也不影響開車啊,1
 酒駕都能當發言人 你還奢望政府什麼,1
 可能是下一屆發言人,1
 酒駕唯一死刑謝謝,0
 兩萬交保,0
 DPP:可以來當行政院發言人喔 啾咪~,1
 設計什麼的設計師啦,0
 幹...真難過，還有大好明天就沒了...,0
 十萬交保  成大體循師表示......,0
 幹一命抵一命！！,1
 酒駕垃圾罰再重也不為過,0
 DPP酒駕黨:酒駕好棒 賤民死幾個有啥,1
 這個十萬交保 成大被霸凌的要150萬,0
 酒駕可以直接槍斃嗎 操,1
 重判3年 緩刑 可易交罰金,0
 重判? 幾年後出來繼續酒駕 案例不,0
 勝枚舉,0
 看了很難過......,0
 幹他媽的我還等著再抱他大腿，酒駕到,1
 底何時修法,0
 真的很可惡!早該修法重罰到沒人敢酒駕了!,0
 酒駕唯一死刑啦幹,1
 重判3年 緩刑7年 得易課罰酒,0
 酒駕都垃圾,1
 一命還一命啊,0
 酒駕撞死人一律死刑,0
 怎不修法，垃圾立委一堆,1
 酒駕都爛人，天打雷劈,1
 已無感 只希望下一個受害的是立委,1
" 酒駕就直接認定蓄意殺人就好,台灣法",0
 律,0
 酒駕唯一死刑，違停唯一死刑,0
 看得一肚子火 唉,0
 世代力量請更用力督策出嚴厲酒駕法!,0
 難過....,0
 QQ,0
 真的看到麻痺了～什麼時候才有有能,0
 之人能修法...,0
 大家選的立委修出來的法真棒,1
 現在還支持酒駕黨的 我都當他是垃圾人渣,1
 難過+1 唉,0
 十萬交保,0
 酒駕明明就是蓄意殺人,0
 十萬就可交保!,0
 酒駕天堂，真是棒,1
 殺人犯,0
 修法啦,0
 人渣,1
 酒駕都垃圾,1
 酒駕=蓄意殺人,0
 乾10萬交保,0
 覺得殺人償命才是正道,0
 垃圾,1
 十萬交保？幹！林姓體巡師150萬是怎,1
 樣？,0
 10萬交保10萬交保10萬交保10萬交保10萬交保,0
 酒駕垃圾，政府立法立到哪裡去了,1
 高雄幸福城市,1
 台灣人素質堪憂,1
 印度??,0
 不要亂停就不會收到罰單，這麼簡單,0
 南部  不意外,1
 沒揪,1
 台灣就是不守規矩的反而講話大聲,0
 歧視南部人,1
 南部人垃圾多,1
 南部真的可撥,1
 我以為是中國，原來是高雄阿,1
 未開化地區,1
 犯眾怒跟公然糾眾圍毆根本兩回事 鬼島,1
 違停 為何不順便摸奶,1
 那個影片還被移除 笑死,0
 都住透天了 怎沒有車庫 還是拿來堆東西了,0
 民智未開的鄉下暴民，做錯事還敢打人,1
 台灣素質，哈哈哈,1
 看到沒，高雄人的智商,1
 檢舉還通知你喔 南蠻人崩潰?,1
 不要違停不就好了 大家都喜歡解決提出問,0
 都喜歡檢舉了 不趁機找個好律師 強律師,0
 民智未開,1
 題的人 ㄏㄏ,0
 人民素質如此 真的只能羨慕日本,1
 太幸福啦,1
 https://i.imgur.com/NfqKeZv.jpg,0
 欠打,1
 那一狗票流氓全都告好告滿 該賠多少 該留,1
 南部土人民智未開 真的不意外,1
 希望他不要成為下一個希哲,0
 素質堪憂,1
 他也違停，那你也檢舉他啊,0
 南部台南濃濃人情味,1
 多少案底千萬別手軟 要這些流氓跑法院都跑,1
 乾司法屁事 違規鄉愿靠北哦？,1
 不完了XD,0
 高雄人回家好嗎？別把惡習帶來北部,1
 排放廢水和毒販等也很討厭被檢舉,0
 怎麼沒揪+1,1
 同為台灣人，引以為恥,1
 南部垃圾人真多  違停就是垃圾人,1
 笑死,1
 南部人=支那人 哈哈哈哈哈哈哈,1
 ☎  強國不意外...☎  歐幹是高雄喔☎,1
 酒駕很討厭被抓呀~~~~~,0
 在台灣守法就輸了,1
 高雄支那一家親,1
 蠻夷戎狄 哈哈,1
 南部不意外 智力測驗,1
 要看情形啦 之前有死白目 故意龜速開,1
 高雄素質QQ,1
 希哲,0
  或者並排停車然後再來檢舉跨線超他,0
 水準已經跟支那統一了,1
 車的人 這種被打真的剛好,1
 怎麼沒揪,1
 南部 沒事兒,1
" 在台灣要不違規很難,因為法令很正義",1
 南部 幸福,1
 影片中揍人的全都操台語口音...,0
 南部人真的.. 難怪一堆到北部討生活,1
 突然想路過一下,0
 哈哈 南部水準 可憐喔,1
 一堆把佔社會便宜當作理所當然的人,0
 不守規矩的最大聲,0
 南蠻人,1
 南部水準不意外 喔錯了是台灣人水準不意外,1
 高雄市政府不見了?這還不告不理嗎？,1
 化外之地 都是野蠻人 怕.jpg,1
 南部水準真的不意外,1
 高雄菁英大部分都到外地工作，剩下的有水,0
 準的真的不多,0
 這個就是人民素質啊，你不違停會被檢舉?,1
 去看看南部的社團，智商真的低的很恐怖,1
 南部人水準請留在南部,1
 看某瑜去選高雄就知道,1
 這個為什麼可以扯到不信司法？,0
 就說南部黑道治國了,1
" 原來是高雄豬喔,不意外",1
 一定是南部，不意外,1
 好可憐，做對的事還要被打,0
" 這群人幹嘛用圍毆的, 不會派人每天盯著",0
 未看先猜中國新聞 靠杯 原來是南部,1
" 他,一有違法就拍照下來檢舉",0
 東廠執政20年的地方  並不意外,1
 南部人就是這樣意外嗎,1
 每違法一次就檢舉一次,0
 台灣很多人開車的水準真的不是很高,0
 啥小正義 幹你娘勒,1
 垃圾南部人有南部人的玩法,1
 南部的低端人口真的很多,1
 一直到違停被罰錢不是剛好？打三小,1
 應該把檢舉的打到殘廢才對,1
 南部水準 敢違規就要準備好錢,1
 中部跟南部開車素質世界無敵差 比共匪差,1
 打的好,1
 繼續投貪二代才是真南部人,1
 宜居城市你敢嘴,1
 南部素質真的慘……,1
 自私啊，就是一堆小問題都放下，要什麼法,1
 吉下去直接領年終了,1
 理情、同理心，笑死，違規就是違規。你,0
 看一堆貨車違規臨停、買早餐臨停、公車計,0
 程車硬切、超速被開單、違建，一堆嘴臉,1
 都是啊不止我這樣、擾民、我只是一下下、,0
 所謂的人情味就是違法的味道啦 懂？,1
 不然要停哪、我也是為了生活在那邊吠。每,0
 違規魔人？,1
 個都為了生活好委屈，好有苦衷，講個要,0
 不是xx誰 想xx之類的理由，講個什麼悲慘,0
 那句講三小不小心笑出來,0
 民進黨員不意外,1
 不得已理由風向就會變，大家就會輕輕放下,0
 ，久了就忘了，很多陋習就是這樣養出來,0
 被開罰單還不知道丟臉真的民治未開,1
 ㊣支那呆丸血濃於水 行為這麼像還想獨立㊣,1
 的 ，嚴格執法才是正解，解決無數小問題,0
 下賤的要死，違規魔人敢歡我直接暴,1
 打,0
 ，就只會剩下少數的 大問題而已了。教育,0
 違停垃圾,1
 高雄大寮  幸福城市,1
 操你媽機掰,1
 也超重要，小孩看家人從小被拍超速或違規,0
 不過要滿足自己扭曲的正義，後果也要自負,0
 ，如 果大人只會抱怨這邊拍照很賤、警察,1
 這種每次都要好好說 之後都不會改,0
 卻業績之類的，我看這小孩長大也一樣沒,0
 南部 化外之地 政府都在混的不意外,1
 高雄大寮》南部中的南部,1
 我只是停車一下，誰知道你閃車被撞,0
 水準，真的就是素質水準低落,1
 不違停超難的 一個規定弄到一堆人沒,0
 死，怪我嘍？,0
 辦法遵守 還不知道要檢討規定 現在出,0
 南部人真他媽下賤，畜生之地,1
 看到噓文氣撲撲就是爽，繼續快樂的檢舉~,0
 問題了 法律人又有錢賺了,0
 高雄大寮民和街,0
 其實他們是要送前給他花,0
 南部賤民不意外,1
 一個不知道能索賠多少,0
 南部,1
 我剛剛才檢舉同一台車三次，爽,0
 素質是靠法律教出來的,1
 違規還大聲，不爽你檢舉他啊,1
 南部就是這麼多下賤拉基整天丟臉,1
 歸南部人還很愛日本 照日本玩法 南部人,1
 不知道要崩潰到哪裡去勒,0
 南部人,1
 沒合法停車位就他媽不要買車，要出門沒,1
 低端南部人,1
 停到合法車位就他媽不要違停，去的地方,1
 不好停車就他媽提早出門或不要開車，搭大,1
 眾運輸，至於都有其它理由的話說實話關大,0
 家屁事，沒人應該要為了你違規而有危險,1
 違法刁民,1
 怕,0
 垃圾標題,1
 南部 不意外,1
 用力打用力打!,1
 還不好不是在北部 不然就被分屍惹,1
 這串是釣魚文嗎？一堆自殺帳號,0
 這大概會領賠償費領飽飽的，然後換房子,0
 台灣人邏輯,0
 垃圾,1
 ☎  化外之地 難怪有人吃欠債菊這套☎,1
 台灣人就是中國人 不意外,1
 ☎  支那東廠一家親☎,1
 素質低落 幹 違法還靠北喔幹你娘,1
 告好告滿 爽,1
 違停打檢舉人叫做私刑正義?  這智商...,1
 檢舉人也違停，你也可以檢舉他啊,0
 動手的在檢舉一次,0
 沒車庫沒車位，跟人家學買車幹嘛？,0
 在南部講法律是真的搞笑,1
 南部,1
 告人賺錢了 這和解金肯定不少,0
 南部~,1
 爽,0
 檢舉才是對的...打人的真是垃圾,1
 違規都最大聲，大聲就可搞定,0
 南部水準跟26真的一家親,1
 丹佐華盛頓,0
 違法刁民,1
 垃圾 南部,1
 只聽的清楚 公三小跟不要打了~,0
 高屏溪殺人無罪？,1
 啊～不要打了 不要了啦 嗚嗚,0
 http://i.imgur.com/XizLngt.jpg 檢舉是我玩,0
 過最療愈der手遊，嘻嘻,0
 舒服,0
 南部水準,1
 素質堪憂，做錯事還理直氣壯，打人還自,1
 以為正義，真不要臉,1
 這不就是強國人。,1
 你守規矩不就好了白癡,1
 檢舉魔人=大陸黃安 ，抓白仔的行為，噁,1
 心,0
 違規+打人叫做正義? XDDDDDDDDDD,1
 可憐,0
 我停你家門口~你再來通知我好嗎,0
 贊,0
 他違規你就檢舉回去阿 憑什麼打人?,1
 台南不意外？,1
 還敢笑政治人物 一群刁民,1
 跟支那文革鬥爭有87%像,1
 不亂停誰會檢舉！,0
 違規有理  違停無罪  高雄有自己的玩法,1
 南部素質,1
 記者有事嗎？文組?,1
 真正的問題是條子放任違停吧?,0
 #1RcoA9qp (Gossiping) 素質跟這篇某樓,0
 推文一樣，自私心態一覽無遺，只管自己，,1
 理由一堆,0
 不意外 政府整天都在偷雞摸狗 民眾當然,1
 直接告死這些王八蛋吧,1
 也很容易養成一堆壞習慣,0
 台灣最美的風景  不打死都無罪☺,0
 台灣駕駛人欠檢舉 違停不檢討還怪別人,0
 違法的都特別大聲，亂停車被開單還去打人,0
 FB爆X系列 地區社團真的一堆這種垃圾 通常,1
 鄰居是在教他怎麼做人吧 台灣社會就是,0
 警察不嚴格執行的確是問題，但警察也很可,0
 ，不就8＋9,1
 是社會大學8＋9 水準兩岸一家親,1
 一 群土著,1
 憐，抓一下就一堆違規雜碎吠說只敢抓可,1
 憐民眾、搶業績，抓個違規擺攤阿婆被罵,0
 難怪黑道也能出來選市長 南部智商哈哈,1
 南部水準，怪不得出不了柯p這樣人,1
 說不給人活路,0
 台灣人素質,1
 提告囉,0
 這樣 做人巴結點 才不會被鄰居重新教育,0
 柯講兩岸一家親 dppers還有臉7pupu,1
 果然南部垃圾就是多,1
 動手談和解至少2萬起跳吧,0
 被檢舉不爽人之常情，但是說這是私刑,0
 正義？是說違規的人是正義的？？,0
 南部素養 難怪投dpp,1
 好好說就不違停了嗎  哈哈哈,0
 ryan0714123自己好自為之 檢舉爽啦,0
 南部水準,1
 那黃安你們在罵什麼？人家也只是檢舉台獨,1
 會違規的大多都是自私的 講就會移? 噗,1
 違規停車真的很討厭,0
 南部的正義典範,1
 瀆職官加刁民產生的噁心事,1
 天天被檢舉還是要天天圍停,0
 以為停久了就合法嗎？警察怠惰也是,0
 幫凶,0
 素質有夠差 不要違停都做不到,1
 垃圾居民+垃圾警察水準不意外,1
 厲害了我的國,0
 違規的還敢那麼大聲,0
 中國人水準 不意外,1
 南部人都頭腦簡單,1
 整條巷子都清楚 是檢舉才有違停,0
 幹 自己不遵守法則 還要別人花時間找你？,1
 做錯事還打人 真的民智未開,1
 垃圾 違規還打人,1
 這很DPP， 台灣價值！幸福城市！,1
 低等人種,1
 我覺得重點是天天被檢舉...XD,0
 私刑正義? 被檢舉不爽吧哪有正義,0
 如果不要檢舉 哪來的違停？,0
 讚 小錢打得好XD,0
 找丹佐華盛頓處理啦！,0
 我看警察都用說的，沒多有用啊,0
" ""心懷歧視看誰都是違法""的概念",0
 眼不見為淨 和諧相處,0
 南部人就是這樣,1
 打人就是不對,0
 很多事情喔 不見得要做這麼絕,0
 天天檢舉跟動手覺得都是,0
 如果鄰居長期違停 可以找里長甚至警察勸導,0
 當違法變成傳統習俗 檢舉的就是逆向行駛,0
 噁心,1
 一堆垃圾,1
 你天天違停，我為何不能天天檢舉？,1
" 這就是南部的人情味  ""大家互相一下嘛~""",1
 南部不意外 這種素質真的笑死,1
 有這個報備的動作 勸導無效 再檢舉恰當點,0
 蠻欠打的,1
 南部人意外啥,1
 報備咧，馬上抓到你是爪耙子,0
 這跟不相信司法有啥鳥關係.....,0
 標準的台灣人,1
 佔在理上面 但得理不饒人也不是好事,0
" 柯p智商157,早就說過南北部的選民程度不",0
 以上被檢舉,0
 同,0
 警察不主動抓，民眾當然可以檢舉，不然要,0
 南部不意外,1
 民眾自己找拖吊車把車子拖走嗎？,0
 愛講台語的很多這種......,0
 感覺就一定支持民進黨,1
 南部真的沒救了,1
 台灣最支那的地方,1
 勸導→你有意見是不是?你有意見是不是?,0
 只是違停錯在先 但雙方處理都不好XD,0
 還沒檢舉就黑掉了,0
 或許被打才是最終目的  賺的才快?QQ,0
 違規魔人,0
 不過真的是化外之地  違規還打人XDDDDD,1
 搞不好是XD 挨一頓揍 賺上好幾萬XDDD,0
 八卦版笑人素質低 ㄎㄎ,1
 南部沒法治，只有民粹,1
 可悲,1
 高雄。,0
 紓壓,0
 被打受害者拍拍開個玩笑，快去驗傷吧,0
 反正在南部只要煽情亂嗆就好,1
 還有人不知道 交通違規檢舉沒錢拿的,0
 全台灣只有台北市是中產階級的城市,0
 有沒有料根本不重要,0
 和解金入袋 沒腦子就等著噴錢,1
 沒車位就別買車了,0
 違規魔人氣噗噗,0
 把車停好有那麼難嗎？南部人隨性慣了,1
 這叫隨便,0
 不意外,1
 保護自己優先，敵暗我明，人情要先做好,0
 一堆北七 被驗傷告傷害 划不來啊...,1
 南部人的情商智商,1
 檢舉者自己也違停 你去檢舉他啊zzz,0
 然後背地裡檢舉到爽,0
 如果被糾眾暴打成重傷 甚至影響到行動跟生,0
 其實看他被打還蠻爽的,1
 吵什麼民智未開，顯得自己很優越根本沒用,1
 南部人 最有人情味☺,1
 檢舉賺太少 被打吉一波賺飽飽 計畫通,0
 南部人正常發揮,1
 年終這麼早領,0
 命才可悲 很多事情做法上可以改善,1
 比較好奇為啥會直接說檢舉魔人,0
 自己要亂停是在靠背三小,1
 哈哈哈 南部人水準 自己就不要違規阿,1
 不要亂停不是常識嗎，被抓摸摸鼻子就,0
 好啦,0
 騎山豬也違規檢舉 真該打,1
 幸福國度 怕,1
 還以為中國才會這樣哩,1
 檢舉魔人？ 正義魔人？,0
 有什麼好奇怪 不少台灣人直接亮傢伙跟你,0
 亂停車還有沙包打 幸福,1
 溝通,0
 愛拍還被抓到 顆顆,1
 南部賤畜就是夠下賤,1
 違停自己去跳樓 幹 一堆垃圾,1
 台灣人水準比中國人民銀行一點而已,1
 還蠻爽的,0
 比中國人,1
 還不是因為警察根本不管，高雄很幸福,0
 啊,0
 沒車位就不該讓汽車成長下去,0
 怎麼沒套布袋打,0
 吉起來賺一波囉,0
 不能違停就不幸福了，啾咪^____<,1
 幸福程式,0
 老子沒有違法 老子只有不爽,0
 解決提出問題的人，中國不意外，咦？,1
 人民沒素養的標準示範,1
 顆顆 僥倖心態 下去,1
 南部水準,1
 政府只顧美化市容 管你汽車總量停哪死,1
 不守規矩才是規矩，懂?,0
 都告ㄧ告 和解金賺ㄧ賺再說,0
 南部沒王法,1
 原來正義魔人自己也違規 卻只檢舉別人,1
 噓的只會無腦跟風 最好自己去哪都停好,1
 南部不意外,1
 這個只叫私刑 不是為了正義,0
 難怪DPP不修酒駕 南部人垃圾居多,1
 台南的台男價值,1
 私刑正義愈來嚴重，這代表台灣人不信司法?,0
 這跟不信司法有啥關係...又沒犯法87,1
 化外之地下流南部民智未開低能信眾可悲生,1
 這句在說什麼啊 檢舉魔人有犯啥法?,0
 檢舉違停應該要有獎金，比照丟菸蒂的，,0
 檢舉的勢力一大，違停就自己改善,0
 無腦跟風？我就都停好阿怎樣？,1
 南部狗畜生沒法治觀念不意外,1
 違規垃圾的素質 被檢舉天經地義,1
 違法違規還能大喊私刑正義?,0
 提到酒駕大家都氣得要死 結果同樣危險的,0
 化外之地,1
 一堆違停事件  都有各種理由,0
 台北人才會這麼雞歪,1
 高雄豬的素質咩,1
 南部人水準,1
 台灣素質不意外,1
 爽,0
 知恥近乎勇阿 南部人,1
 民智未開經典案例,1
 私刑正義個屁洨幹，只有自私沒有正義好,1
 嗎幹你娘咧,1
 南部人真的不意外,1
" 違法的喊私刑,真的化外之地",1
 中北部人都被檢舉習慣了日常沒事,1
 悲哀 有錢買車 沒錢買車位,1
 呃，違停84什麼正義吧,0
 操他媽的 他自己違規不會檢舉回去喔,1
 違規在先還打人啊 一群社會敗類,1
 那張圖XDD,0
 私他媽的刑正義 酒駕狗官人渣怎不去打,1
 南部沒水準不意外,1
 不愧是高雄，南部水準，呵呵,1
 直接把南部割讓給支那 反正素質差不多,1
 私刑正義？ 正義在哪,0
 不就沒錢繳罰單在靠杯而已 真廢,0
 違停的人大有問題 戰什麼南北部,0
 凸( ﾟдﾟ)凸重點不看開始戰南北~檢舉,0
 的男子自己也違停,0
" 南部人沒有""人情味""無法存活 快快北漂吧",1
 檢舉違規被圍毆，還有前陣子爐石世界,0
 檢舉的人也違停你檢舉他阿 民智未開…,1
 賽台灣隊作弊一堆人罵上傳證據影片的,0
 只能說這個素質...,1
  https://i.imgur.com/lGJhv15.jpg,0
 智障嗎 這哪是正義 馬的,1
 劣幣驅逐良幣,1
 我支持把打人的平頭8+9都抓去關 但是,1
 檢舉人的要不要被查一下家門車庫有沒,0
 有二次施工違建 要不要拆掉?,0
 公平一點,0
 檢舉的男子自己也違停?,0
 公平就檢舉回去啊 笑死 南部人還真的都,1
 覺得用打人解決就對了,0
 不意外，我認識的中國人都比他們守法。,1
 南部人不意外,1
 這種正義在哪？ 遇到凶一點的拿刀反擊,0
 低能兒快笑死素質比大陸還低,1
 舊房子設計上並沒設計車位 ...,0
 違停的狗雜碎還這麼囂張 垃圾,1
 高雄沒救了,1
 他違停就檢舉回去啊 不要違規就沒罰單,0
 私刑＂正義＂?影片中被私刑的才是正義的,0
 私刑正義???哪有正義  明明自己違規,0
 一方吧,0
 沒車位就不要買車，不然就自己去額外租,0
 這道理小學生都知道,0
 車位，真的該汽車總量管制，去得地方不好,0
 停車就去搭大眾運輸，理由不要這麼多，,0
 不是說要遵守法規 那把家門口明顯違建,0
 蛤！大眾運輸也不方便？關大家屁事，違規,0
 就是違規,0
 的車庫拆了啊 不要說一套做一套,0
 整個台灣都這樣吧  台北也是違停一,0
 堆,0
 違停繳不起罰單腦怒有夠低能 不要違規他,1
 檢舉是會怎樣 白痴,1
 貪圖方便的拉基,1
 台灣一堆垃圾不守法，違規都比別人大聲,1
 真希望能嚴格抓違規違建，罰個你好幾個,0
 月薪水，市容會好很多,0
 打人也不用抓去坐牢  台灣法律真棒,1
 哈哈南部還敢檢舉 不想活了,1
 違規還動手打人...素質有待加強,1
" 解決不了問題,就解決提出問題的人",0
 低端人民 無法溝通,1
 被打也是種幸福 高雄 你敢嘴?,1
 這標題跟內文 彰顯記者的素質垃圾,1
 素質低落，無恥垃圾,1
 厲害了 你的幸福城市,0
 吉好吉滿 提早領年終 恭喜,0
 其實大家分一分也沒多少錢 只是想打他吧,0
 南部人的腦根本就是品質保證,1
 高雄喔 算了吧 要好好停車應該會要了,0
 他們命吧,0
 民智未開，違規被檢舉還敢打人，丟臉,1
 南部水準不意外啊,1
 他一定沒有台灣價值 高雄不意外,1
 訴諸暴力MDLG,0
 連交通號誌都參考用了是期待什麼,1
 跟非洲 中東暴民蠻像的,1
 療癒,0
 南部猴子佔地為王,1
 天天有人閃車被碾死  全台灣一樣幸福,0
 一群違停魔人,0
 真可怕,0
 幹你X的這不叫私刑正義 就是一群敗類搞,1
 私刑而已 跟正義完全扯不上關係,0
 檢舉都魔人 違規都聖人,0
 真幸福,0
 準備去坐牢吧,0
 不ey啦 臺灣跟中國同源同種欸,1
 三寶魔人,1
 希望這些違停魔人的小孩被違停害死或殘廢,1
 違規亂紀的都活該被罰好嗎,0
 影片都有了，告好告滿，該收的傷害費都拿,0
 屆時就不要上電視哭哭,0
 違停素質就是如此,1
 告死他們然後拿錢搬家,0
 私刑（O) 正義 (X),0
 魔你媽,1
 南部閩南人真的很爛,1
 違規魔人好意思叫別人是檢舉魔人。這年頭,0
 壞人都比較大聲,0
 吉好吉滿，爽拿年終,0
 西瓜國的素質！,1
 垃圾違規魔人，成年了還這麼無知，可恥,1
 高雄違規停車到處都是，又常年不見取締,0
 。,0
 南部很多這種垃圾人,1
 不違法能檢舉嗎？,0
 垃圾還不准人家說你是垃圾咧,1
 這時候只出嘴的正義魔人不見了啊? 只有應該??,0
 南部一堆垃圾亂停車 ，以為自己家 系後,1
 不要戰南北好嗎 三蘆也一堆都深綠票倉,0
 反串哦 三蘆水準跟影片差不多,1
 錯的要變成對的了! 喔吼,0
 一堆人很假掰    我支持打死那個抓耙子,1
 做錯事還敢大聲跟打人 民智未開,1
 台灣人的素質就是這樣啊,1
 菜逼八，要整人多的是方法可以玩，,1
 玩到對方精神耗弱，直接打還不被吉,0
 爆？,0
 違停被檢舉還打人，禮義廉恥呢?,1
 低開發國家,1
 南部水準,1
 檢舉魔人:自己違規沒關係 去檢舉別人,1
 南部不意外,1
 可悲,1
 南部人,1
 魔人可以違規 但別人違規要檢舉 好棒棒!,1
 南部,1
 ZZ他自己都違停,0
 違停還敢打人喔,0
 還檢舉魔人咧  你他媽就犯法才有辦法檢,1
 舉,0
 打人那一群看起來被檢舉活該..,1
 看起來也不是什麼善類,0
 廢物真垃圾,1
 自己違法還打人  國家沒有法律了XD,0
 南部人可撥,1
 馬的垃圾自己亂停別人有義務先通知你喔肏,1
 你個蛋,0
 南部流氓比正常人多,1
 水準低落不意外,1
 全部吉一吉 又要噴錢了 哭哭,0
 搶銀行先通知你把錢還回去就沒事了?,1
 人情味,1
 腦殘 還特別通知你叫你移? 違規當皇帝?,1
 解決提出問題的人,0
 臺灣人真的很可悲,1
" 又多了7,8個人可以告了",0
 違規垃圾不意外,1
 不意外,0
 檢舉可以 被檢舉不行,0
 南部__,1
 http://i.imgur.com/LkDcrIy.jpg,0
 通知就會移嗎 XD 我看先被暴打一頓嗎,0
 支那人的賤種,1
 被罰這麼多次都不移了 還先通知,0
 高雄,0
 民智未開 難怪選舉集體失智,1
 可見得這些人錢也不少啊 都罰不怕,0
 高雄到處滿滿違停和色情按摩,1
 強國不EY,1
 554樓……,0
 暴民   全抓去關吧 台灣就是缺這些有正義,1
 感的人。,0
 這些人犯法為什麼還敢打人啊？,0
 刁民,1
 雖然暴力不對，不過大概可以猜到被打的,0
 人平常做人多失敗XD,1
 高雄就一堆流氓、草包取暖地，意外嗎？,1
 投資有風險,0
 肏他媽的南部人嘴臉 違規在先還敢怕人,1
 檢舉幹,1
 垃圾南部人 一堆吃屎長大的,1
 一群垃圾,1
 可悲,1
 不要違規就沒辦法被檢舉,0
 幸福的水平,0
 他附近也住不下去吧,0
 公民水準之低落可見一斑,1
 新聞怎麼不敢說超多留言都在罵檢舉人,0
 ？,0
 蠻夷閩南人,1
 這年頭越是違規犯法的人越大聲,0
 https://goo.gl/CiMUqE,0
 然後一個新的鄭捷誕生,1
 違規魔人,0
 違規還有臉？,1
 可悲台灣人 違法講話最大聲,1
 記者就助長這種垃圾風氣呀 違停就爛人,1
 民智未開的南部,1
 南部豪可怕 沒法治的地方,1
 幹沒揪喔 我最愛打檢舉魔人道德魔人,1
 幸福國不意外啊，化外之民,0
 罰單不過癮還要刑事罰金？,0
 高雄不意外,1
 真的民智未開 真的通知你也會被你罵好嗎,1
 魔人違規也檢舉回去呀,0
 南部水準不意外 垃圾特別多,1
 不過會有這種問題 大都是執法不嚴,0
 爽 再檢舉 就打斷鼻樑 垃圾刁民,1
 為啥會知道誰檢舉的？垃圾違規就是要罰到,1
 脫褲,0
 亂停被檢舉剛好而已,0
 違規還有臉打人??什麼白痴腦,1
 打人者再吃一條傷害罪 這就是刑法了,0
 台獨合法啊 違規不合法 樓上拿黃安舉例的,0
 是?,0
 南蠻日常,1
 蠻邦,1
 再加一個傷害 賺,0
 不虧,0
 一群原始人,1
 講私刑的是搞不清楚狀況，私刑被「,0
 刑」的是犯罪方，跟這種自己違法還,0
 去「刑」檢舉者不一樣。檢舉人的行,0
 為很誇張到白目的程度是一回事，但,0
 只要錯的是違規者，那違規又先動手,0
 就是錯了，沒什麼可講的,0
 笑死 沒車庫還敢買車 三寶,1
 推文一堆未受教化的違規屁孩...,1
 剛好傷害再告下去 年終都有了,0
 錯上加錯,0
 等失火出事，消防、救護車被擋在遠方就,0
 知道了,0
 噁心違規魔人,1
 自己做錯事還怪檢舉的人 哪招,0
 高雄不意外zz,1
 南部垃圾 哈哈,1
 打人要被告到脫褲了,0
 不見得要做這麼絕不就他媽人情味好棒棒,1
 南部真幸福,1
 違停在那邊大聲,0
 告死他,0
 做錯事的喊最大聲zz,0
 幸福,0
 北部人好了啦,0
 檢舉還要通知你那他媽叫什麼檢舉？,1
 溫馨,1
 真的素質堪慮,1
 南部就是資進黨的大本營,1
 最像支那的人都在南部 好噁心,1
" 難怪南部綠的特別多 @@""",1
 南部理盲濫情不意外,1
 被檢舉就能動手傷人，被警察開單怎麼不,0
 動手？這社會還有公理嗎？,0
 南部 垃圾多不意外,1
 在台灣，守法的人跟智障一樣,1
 法律有問題，法律不得民心，法律要修,0
 那些打人的都八卦鄉民吧,1
 不是不信司法 是貪圖方便而已！,0
 垃圾，這個社會沒救了，南部沒救了,1
 幹你娘，這些人應該全部槍斃，違法還打,1
 人，不愧是幸福城市,1
 這種智商 難怪可以選出陳菊這種咖小,1
 還有lie清德,1
 直接開吉了啦,0
 大寮鼻意外,1
 哈哈哈 違停水準,1
 要法律幹什麼呢 笑死,1
 違規還敢打人喔 這素質蒸蚌,1
 化外之地,1
 哈哈舒壓,1
 沒救了,1
 高雄素質,1
 全台灣人民一大堆不都這種德性,1
 幸福城市不意外 違法違規最大聲,1
 台人素質堪憂,1
 一群無理講不過只會動手的蠻人,1
 高雄人正常發揮,1
 吉死他們,0
 這些不講道理的就跟硬要扯南北人的邏,1
 輯差不多,0
 暴民，可以提告聚眾傷害罪，聚眾鬥毆,1
 南部人是＿＿,1
 高雄不意外，化外之地,1
 哈哈哈哈哈哈活該,1
 抓耙子、正義魔人......記者用詞真棒,0
 南部意外嗎 資進黨統治的化外之地,1
 違規停車的善良人 慘遭檢舉魔人長期欺,1
 壓 積累不滿之下一怒動手執行正義QQ,1
 化外之地,1
 檢舉賺這麼少 被打可以賺半年績效了,0
 檢舉違停根本不會賺錢 被打倒是可以告,0
 為啥要通知 罰一下最聽話 人就是犯賤,1
 不然一堆人幹麻暴跳如雷 就是被罰 心會痛,0
 被打的人一定要告死打人的 自己違停還大,0
 聲,0
 南部人哦......算了啦......,1
 南部人是不是跟支那一樣都沒讀書,1
 自己違停不惡質 幹,1
 會違停的素質本來就8+9,1
 「要檢舉時，為什麼不通知一下移車？」,0
 這邏輯XDDDDD,0
 一堆違停垃圾 違停哪天改善 台灣才有,1
 素質低落 非常沒水準 台灣最美風景,1
 垃圾，不要違法就不用怕檢舉,1
 鄉愿歪理又動手被拍 就知道智商高低了,1
 理虧還打人 支持正義哥  死他們,0
 罰完下次還不是一樣違停 素質惡劣,1
 南蠻人,1
 被腦殘罵腦殘 有夠雖,1
 圍停就垃圾啊 噁心,1
 濁水溪以南沒有法律 笑死,1
 以為是共媒發的中國新聞,1
 重點不是檢舉 是當咬北阿,0
 支持告翻這些台灣刁,1
 不通知一下移車？別違停不就沒事了?,0
 低端南部人...,1
 低端高雄人,1
 不守規矩還敢打人啊,0
 垃圾 台灣真的一堆惡霸 我老家鄰居也是,1
 建議告死他們 拿錢搬家 感謝有人錄,0
 幹，那一堆智障違規魔人咧，心存僥倖,1
 還敢靠北靠木,1
 可憐，素質低,1
 祝福愛違規的人罰單接不完,0
 身為高雄人，我很替這些人覺得丟臉,0
